Date,Close,High,Low,Open,Volume
,AAPL,AAPL,AAPL,AAPL,AAPL
2020-01-02,72.46826171875,72.52858156247073,71.22325926076245,71.4765996590847,135480400
2020-01-03,71.76371002197266,72.5237384458872,71.5393220101689,71.69615210347494,146322800
2020-01-06,72.3355484008789,72.37415398165305,70.6345318765685,70.88546446996966,118387200
2020-01-07,71.99534606933594,72.6009522080095,71.77578098551396,72.34519669570282,108872000
2020-01-08,73.15347290039062,73.45507203093307,71.6985589891843,71.6985589891843,132079200
2020-01-09,74.70735931396484,74.90037993391,73.8797725451346,74.13069787841037,170108400
2020-01-10,74.876220703125,75.44082088635776,74.3743628731269,74.94137084294664,140644800
2020-01-13,76.47590637207031,76.50245093143005,75.07407383392189,75.1923057311866,121532000
2020-01-14,75.44322967529297,76.62308929816353,75.32018220682278,76.41317742986432,161954400
2020-01-15,75.11993408203125,76.12365735740354,74.68804185654645,75.24298894303718,121923600
2020-01-16,76.06092071533203,76.17191454820045,75.30089202786714,75.66281115173265,108829200
2020-01-17,76.90296173095703,76.90536951718424,76.00298720000536,76.309409291276,137816400
2020-01-21,76.3818130493164,76.97294309653658,76.24428203921465,76.53140508279039,110843200
2020-01-22,76.65447235107422,77.2069969045426,76.56036984576589,76.86679204908404,101832400
2020-01-23,77.02361297607422,77.1032319252794,76.15982874124028,76.70753760258107,104472000
2020-01-24,76.80164337158203,78.01286327957854,76.61103058846822,77.26972598534742,146537600
2020-01-27,74.54325866699219,75.223660842835,73.56124993820636,74.81107521306389,161940000
2020-01-28,76.65204620361328,76.82335250031947,75.32500962430629,75.42393505290065,162234000
2020-01-29,78.25656127929688,79.1034543464979,77.54237630271076,78.28310584272509,216229200
2020-01-30,78.14314270019531,78.196224452265,76.90779359376785,77.33968569636842,126743200
2020-01-31,74.6783676147461,77.85601226019499,74.38400653828495,77.43377343365503,199588400
2020-02-03,74.4732894897461,75.63866557981345,72.91944979414838,73.42130763220082,173788400
2020-02-04,76.93192291259766,77.1225356625265,75.67244439973094,76.07779194419663,136616400
2020-02-05,77.55924224853516,78.35787622812788,76.95604393384211,78.05868485702287,118826800
2020-02-06,78.46646118164062,78.4688763315637,77.27213272836197,77.82948747921107,105425600
2020-02-07,77.39988708496094,78.21492705790754,76.9089278720762,77.9658198194633,117684000
2020-02-10,77.76750183105469,77.76750183105469,75.90524599878522,75.98505390529154,109348800
2020-02-11,77.2983169555664,78.33586413946524,77.08065162389036,78.26331148915241,94323200
2020-02-12,79.13397979736328,79.13881418044723,77.74816513747918,77.74816513747918,113730400
2020-02-13,78.57044982910156,78.89695147104912,78.20283748467311,78.40599225770488,94747600
2020-02-14,78.5898208618164,78.8389281598991,78.08193011775062,78.53902662089303,80113600
2020-02-18,77.1507797241211,77.3321687046637,76.08904601525819,76.2704349958008,152531200
2020-02-19,78.26813507080078,78.49789739964547,77.39263210107522,77.39263210107522,93984000
2020-02-20,77.46520233154297,78.517260139207,76.95973247404322,78.02872169520079,100566000
2020-02-21,75.71176147460938,77.5014720805536,75.09504186089677,77.05887881173565,129554000
2020-02-24,72.11542510986328,73.56653705998549,69.95085421270655,71.89292541072396,222195200
2020-02-25,69.67272186279297,73.16748626275555,69.20111488480276,72.7853633450679,230673600
2020-02-26,70.77799987792969,72.04288873722294,69.29061126924033,69.29786653540023,198054800
2020-02-27,66.15135192871094,69.16966734254164,66.01591540828939,67.98459409848462,320605600
2020-02-28,66.11267852783203,67.33403591375473,62.00361420698183,62.218866092738025,426510000
2020-03-02,72.26778411865234,72.90385595913628,67.16712712972084,68.2699714851257,341397200
2020-03-03,69.97262573242188,73.52301148955354,69.12130192834442,73.4432035732901,319475600
2020-03-04,73.21827697753906,73.37790019382146,70.89408264604006,71.6946122287109,219178400
2020-03-05,70.84329986572266,72.44677262458974,70.4781009386349,71.47210923904862,187572800
2020-03-06,69.90248107910156,70.33539821217181,68.01603849038064,68.2022618674925,226176800
2020-03-09,64.37374877929688,67.25662042749718,63.6070747073531,63.78846370366684,286744800
2020-03-10,69.01004028320312,69.27607892653965,65.1476640243261,67.02685855623419,285290000
2020-03-11,66.61329650878906,68.01362169576068,65.74988307252373,67.08733175658426,255598800
2020-03-12,60.03493118286133,65.30005115563984,59.97930624666177,61.8996120451793,418474000
2020-03-13,67.22759246826172,67.6992067625623,61.176455139066015,64.06417194479151,370732000
2020-03-16,58.578975677490234,62.65901412516802,58.044481123383505,58.51609179443726,322423600
2020-03-17,61.15468978881836,62.303482965474245,57.65750864986293,59.86078026244391,324056000
2020-03-18,59.65763473510742,60.4630023695136,57.34794730651824,57.98885734585637,300233600
2020-03-19,59.20054244995117,61.149869314864894,58.67572396250281,59.83177642616681,271857200
2020-03-20,55.44215774536133,60.905593927619734,55.142259915533515,59.780979833542105,401693200
2020-03-23,54.26434326171875,55.26319340884497,51.42016448308318,55.16161599071899,336752800
2020-03-24,59.708431243896484,59.90433080067905,56.6659322179662,57.16414681678831,287531200
2020-03-25,59.37950897216797,62.45828415286656,59.08444921259577,60.644394003218935,303602000
2020-03-26,62.504234313964844,62.56227643476942,59.58266157820947,59.621358785658394,252087200
2020-03-27,59.916419982910156,61.88267437044843,59.74954150082475,61.12809725879501,204216800
2020-03-30,61.626304626464844,61.79802116213787,60.317884482413085,60.64196895182637,167976400
2020-03-31,61.500553131103516,63.483739105011665,60.9467135877393,61.8173824008547,197002000
2020-04-01,58.26456069946289,60.15342405049904,57.83406447537594,59.61651236600977,176218400
2020-04-02,59.23681640625,59.29002414850145,57.29474488517958,58.126716465435884,165934000
2020-04-03,58.38549041748047,59.423033841940786,57.79537096509543,58.72166453956951,129880000
2020-04-06,63.478904724121094,63.63368619049375,60.313062431640056,60.68067487242126,201820400
2020-04-07,62.7436637878418,65.71119260823201,62.6396691972311,65.49351989948178,202887200
2020-04-08,64.34957122802734,64.6639759139237,63.17900829152558,63.54419983698464,168895200
2020-04-09,64.81391906738281,65.31697539124775,64.0182312530311,64.98563931197687,161834800
2020-04-13,66.08605194091797,66.19488828158737,64.29150704508059,64.89130259807796,131022800
2020-04-14,69.42361450195312,69.71383985781922,67.24694647516952,67.71856083326759,194994800
2020-04-15,68.78996276855469,69.24948009360917,67.87092811844572,68.2990035025,131154400
2020-04-16,69.33653259277344,69.70173138044676,68.2868960690995,69.5034110202046,157125200
2020-04-17,68.39575958251953,69.39945153562385,66.95915775635743,68.85286351845254,215250000
2020-04-20,66.97608184814453,68.12487900696708,66.95673693299449,67.22277564592211,130015200
2020-04-21,64.90582275390625,67.05346978399236,64.19477725392538,66.81887303902265,180991600
2020-04-22,66.77534484863281,67.21067553657838,65.8321234375921,66.1731282940646,116862400
2020-04-23,66.51657104492188,68.14181716571889,66.47787383005301,66.71972588742912,124814400
2020-04-24,68.43687438964844,68.44655053818545,66.99301736634283,67.04139072828913,126161200
2020-04-27,68.4852066040039,68.81654253011887,67.7064431812968,68.15386329715461,117087600
2020-04-28,67.37511444091797,69.12854111634766,67.28321689774812,68.9471521499239,112004800
2020-04-29,69.58807373046875,70.05726716798014,68.65936300137292,68.86251778141856,137280800
2020-04-30,71.05612182617188,71.2326764610738,69.7380327214539,70.12741093803704,183064000
2020-05-01,69.91216278076172,72.31375148512824,69.13339900800005,69.23013833651491,240616800
2020-05-04,70.90130615234375,71.029487368205,69.24703998923968,69.93631940238333,133568000
2020-05-05,71.96548461914062,72.79745613687825,71.21574190038736,71.36085458478117,147751200
2020-05-06,72.70795440673828,73.33918446648443,72.28229260413691,72.66683632686777,142333600
2020-05-07,73.46012115478516,73.80597511019377,73.03204578911914,73.33436077692376,115215200
2020-05-08,75.2086181640625,75.26196994409985,73.79237965846578,74.11976524502593,133838400
2020-05-11,76.39204406738281,76.88675244657776,74.50776212066847,74.71632174778293,145946400
2020-05-12,75.51900482177734,77.52695980197926,75.39775148384071,77.07589353648245,162301200
2020-05-13,74.60719299316406,76.62000326531418,73.53046253450013,75.69847326337334,200622400
2020-05-14,75.06552124023438,75.12614791139806,73.12304032792042,73.84571291244961,158929200
2020-05-15,74.62175750732422,74.66783438653562,72.80295669861978,72.83691119939427,166348400
2020-05-18,76.37991333007812,76.7533757455592,75.2546860142826,75.9458316362108,135178400
2020-05-19,75.93855285644531,77.24323270759544,75.90702580080492,76.39688667871405,101729600
2020-05-20,77.4154281616211,77.48574978669299,76.75822957715101,76.79703154307944,111504800
2020-05-21,76.8382339477539,77.81796289124716,76.60057476521234,77.27717039456796,102688800
2020-05-22,77.33297729492188,77.41542869782153,76.47450136951518,76.57635005515425,81803200
2020-05-26,76.80916595458984,78.63038662320422,76.75338673756762,78.4509339955865,125522000
2020-05-27,77.143798828125,77.28930432080578,75.92641792081989,76.66606775831522,112945200
2020-05-28,77.17776489257812,78.43637538186252,76.54239845998111,76.81885227689466,133560800
2020-05-29,77.10258483886719,77.88102931454405,76.74609967511876,77.42026804049199,153532400
2020-06-01,78.05077362060547,78.17202695622836,76.92553911368113,77.05649478835441,80791200
2020-06-02,78.41210174560547,78.43635389149792,77.34264649797673,77.78401039078527,87642800
2020-06-03,78.84375762939453,79.10566894505062,78.15988712827792,78.73220664717118,104491200
2020-06-04,78.16476440429688,78.965033585586,77.79130199936047,78.6667550692759,87560400
2020-06-05,80.3909683227539,80.45159499569716,78.38544064604918,78.41454026494723,137250400
2020-06-08,80.86626434326172,80.90021882614607,79.37727738076912,80.08782007948885,95654400
2020-06-09,83.41986846923828,83.81272809723069,80.51464324949785,80.5461703012507,147712400
2020-06-10,85.5660629272461,86.0340990809107,83.92914270631454,84.36807924016622,166651600
2020-06-11,81.45800018310547,85.13440269433788,81.35615151209016,84.71001596343379,201662400
2020-06-12,82.16128540039062,84.34384618919259,81.05060772196103,83.59692864222997,200146000
2020-06-15,83.17737579345703,83.82971944873768,80.65288000271148,80.81536275804567,138808800
2020-06-16,85.38175201416016,85.65336572310193,83.59690633112962,85.2313990507297,165428800
2020-06-17,85.26292419433594,86.18687406891311,85.14167085225792,86.12624739787411,114406400
2020-06-18,85.29688262939453,85.71399444147255,84.6881884557675,85.21927871070163,96820400
2020-06-19,84.8094482421875,86.4681932764156,83.70119078400126,86.00258453034328,264476000
2020-06-22,87.02836608886719,87.17144413379616,85.15621433033841,85.20229118895983,135445200
2020-06-23,88.88597869873047,90.3046443458434,87.85289780891296,88.27243705588172,212155600
2020-06-24,87.31697082519531,89.43405719903721,86.94350839643548,88.51495463894143,192623200
2020-06-25,88.47613525390625,88.51493721035841,86.71311437427568,87.47216145830379,137522400
2020-06-26,85.75765228271484,88.5925564218204,85.60971933565048,88.3718744192934,205256800
2020-06-29,87.73406982421875,87.82865098546023,85.18774958467372,85.66548805897895,130646000
2020-06-30,88.46644592285156,88.7526094686746,87.30241666099202,87.32181394171208,140223200
2020-07-01,88.29911041259766,89.08725718249154,88.25061351334215,88.54404454624031,110737200
2020-07-02,88.29911041259766,89.84145686297828,88.18513936902451,89.20609049720933,114041600
2020-07-06,90.66114044189453,91.12917664404557,89.69596101404703,89.72748807234947,118655600
2020-07-07,90.37981414794922,91.81787696805416,90.26826314860052,91.03943260618246,112424400
2020-07-08,92.48477935791016,92.51630641314865,91.26981841791165,91.35712467862727,117092000
2020-07-09,92.88249206542969,93.43055216626935,91.83486136183558,93.37720039708492,125642800
2020-07-10,93.04496002197266,93.10316665691907,91.86638112451729,92.47749528608121,90257200
2020-07-13,92.6157455444336,96.95904193877826,92.40233843929651,94.3496671725953,191649200
2020-07-14,94.14836883544922,94.33994377964609,91.0636836420722,91.99732841763048,170989200
2020-07-15,94.79586791992188,96.27273284060122,93.5978842251878,96.02295123465481,153198000
2020-07-16,93.6294174194336,94.48546583387535,93.0304255327924,93.66821938221526,110577600
2020-07-17,93.44023895263672,94.23566048761843,92.96734801354852,94.08046007628133,92186800
2020-07-20,95.4094009399414,95.54763152313923,93.18319140296002,93.52755414344499,90318000
2020-07-21,94.09260559082031,96.27516602978264,93.84282396994556,96.19998954005356,103433200
2020-07-22,94.35689544677734,95.03833842484784,93.70697951193738,93.79427833868556,89001600
2020-07-23,90.06214904785156,94.16778614112043,89.25217747144076,94.09018221266099,197004400
2020-07-24,89.83900451660156,90.18336718919892,86.4730112916391,88.26029138007334,185438800
2020-07-27,91.96824645996094,92.06040019801185,90.67811632940159,90.90121836821325,121214000
2020-07-28,90.45742797851562,91.71603836365466,90.45257310797918,91.53900580557185,103625600
2020-07-29,92.19136047363281,92.37566795887918,90.90365031390351,90.94002484369736,90329200
2020-07-30,93.3068618774414,93.4111379617254,90.95697182534603,91.36438122490843,158130000
2020-07-31,103.0750503540039,103.22540332463862,97.80294963723614,99.80120988768464,374336800
2020-08-03,105.67227935791016,108.29134838170961,104.6586032735747,104.95688173530395,308151200
2020-08-04,106.37798309326172,107.46926317333123,105.13877008729901,105.86144267124749,173071600
2020-08-05,106.76358032226562,107.08369095937002,105.6334981524038,106.09911429734815,121776800
2020-08-06,110.48844909667969,110.9831647252199,106.50649412583496,107.09578349765631,202428800
2020-08-07,107.97643280029297,110.46660808616394,107.17957700537667,110.009872310896,198045600
2020-08-10,109.54586791992188,110.56380376144823,106.89534828081695,109.42196412100574,212403600
2020-08-11,106.28795623779297,109.30774713507189,106.02800448544856,108.80971510575287,187902400
2020-08-12,109.82037353515625,110.07789350159867,107.18443047564186,107.37878264931382,165598000
2020-08-13,111.76393127441406,112.76729092425326,110.7119798713676,111.20029955907641,210082000
2020-08-14,111.6643295288086,111.75421760454509,109.85439412589318,111.58901749702606,165565200
2020-08-17,111.37278747558594,112.8110188476026,110.74599537909668,112.78672297104335,119561600
2020-08-18,112.30083465576172,112.72598654466942,110.78972307405309,111.12498689269856,105633600
2020-08-19,112.44173431396484,113.8556697465018,112.34699003787868,112.70897411610314,145538000
2020-08-20,114.9367904663086,115.05097442556867,112.46604709851567,112.48305495531345,126907200
2020-08-21,120.8597640991211,121.34322020785855,115.88426912064436,115.89641335304087,338054800
2020-08-24,122.30526733398438,125.15014624205317,120.4394596328143,125.06510696520752,345937600
2020-08-25,121.3019027709961,121.64688641801345,119.57943117585931,121.1780064067377,211495600
2020-08-26,122.95149993896484,123.40823574071352,121.5521404466388,122.61866792136692,163022400
2020-08-27,121.48169708251953,123.88684074922567,120.33742571871558,123.55400871781482,155552400
2020-08-28,121.28489685058594,122.87374476236184,121.06138518015679,122.45588091995438,187630000
2020-08-31,125.39794158935547,127.30262866474355,122.44374970807395,123.97915723775616,225702700
2020-09-01,130.39285278320312,130.99536378403553,126.84587750534726,129.01293310588505,151948100
2020-09-02,127.69133758544922,134.0856242989173,123.41552988295788,133.70663231996068,200119000
2020-09-03,117.46826171875,125.20359657134411,117.09898956594436,123.32807630409383,257599600
2020-09-04,117.54600524902344,120.20866898674423,107.76022279247066,116.6811253406317,332607200
2020-09-08,109.63575744628906,115.63161300846177,109.49970941253935,110.73386155128658,231366600
2020-09-09,114.00872802734375,115.77735955442189,112.00687240165654,113.95042385620658,176940500
2020-09-10,110.28682708740234,117.09897712734502,109.32477117698187,116.9629291163385,182274400
2020-09-11,108.8388900756836,111.97772918558881,106.89533846718923,111.33635359603639,180860300
2020-09-14,112.10403442382812,112.65794622230302,109.61629124668603,111.48209862954259,140150100
2020-09-15,112.27897644042969,115.4761197012607,110.40344885623584,114.99023180291059,184642000
2020-09-16,108.96521759033203,112.72599259867744,108.8777613272375,111.97772849620063,154679000
2020-09-17,107.22572326660156,109.03322659577087,105.64173160246284,106.6232270995851,178011000
2020-09-18,103.82450866699219,107.7504832499777,103.09567691699868,107.28403508185545,287104900
2020-09-21,106.97308349609375,107.07997942887015,100.19008504511055,101.58944459122996,195713800
2020-09-22,108.65424346923828,109.67461096517128,106.07904368113599,109.49969103484163,183055400
2020-09-23,104.09662628173828,108.94578544391972,103.75649882076176,108.46961737823794,150718700
2020-09-24,105.16557312011719,107.13827671141094,102.03645401086756,102.20165410941537,167743300
2020-09-25,109.11099243164062,109.26648012807148,104.6311051215717,105.36965685149532,149981400
2020-09-28,111.71533966064453,112.06517952480382,109.59686822281799,111.76393141391246,137672400
2020-09-29,110.86988067626953,112.05544815901067,110.36456059896766,111.31690400095869,99382200
2020-09-30,112.54134368896484,113.95042293050288,110.41315990508242,110.57835999800264,142675200
2020-10-01,113.49370574951172,114.39745761315729,112.56080179575848,114.3197137634958,116120400
2020-10-02,109.83010864257812,112.11378793231448,109.05269237323236,109.70378044500065,144712000
2020-10-05,113.21186828613281,113.35763612296132,110.34513295609943,110.6949727988638,106243800
2020-10-06,109.96614837646484,112.84260373156758,109.08182887759448,112.43445227836398,161498200
2020-10-07,111.83197784423828,112.28871372592171,110.90878624545674,111.38496179796955,96849000
2020-10-08,111.72505187988281,113.11469140834828,111.35577237395906,112.96892357253944,83477200
2020-10-09,113.66860961914062,113.69776170512303,111.67646638432409,112.02630624423392,100506900
2020-10-12,120.888916015625,121.64689998480601,115.91342104424781,116.67140501342882,240226800
2020-10-13,117.68204498291016,121.85096395135838,116.2729730734288,121.7343481891843,262330500
2020-10-14,117.76952362060547,119.5575877167491,116.24383575511227,117.58488382722,150712000
2020-10-15,117.30304718017578,117.77921521072741,114.81530369020432,115.36921555833267,112559200
2020-10-16,115.66075134277344,118.1193503209673,115.45667931642107,117.85696670561362,115393800
2020-10-19,112.70654296875,117.02122180628177,112.39557505781023,116.5742058976846,120639300
2020-10-20,114.19338989257812,115.62190167444083,112.36644642665874,112.9203584018645,124423700
2020-10-21,113.57144927978516,115.35951333260171,113.16329777724089,113.37708965617799,89946000
2020-10-22,112.48303985595703,114.70840714970598,111.35577645934274,114.13505561823894,101988000
2020-10-23,111.79308319091797,113.2604666496336,111.05453154484074,113.10497897085499,82572600
2020-10-26,111.80280303955078,113.2604666650257,109.69404402667767,110.79215536953423,111850700
2020-10-27,113.30905151367188,113.96985932342135,111.30719583151641,112.23037983284465,92276800
2020-10-28,108.06145477294922,112.17206924227749,107.96427868585248,111.80279714568576,143937800
2020-10-29,112.06519317626953,113.62975292211088,109.03324978889975,109.19845732169942,146129200
2020-10-30,105.78750610351562,108.8291614562022,104.67968236923052,107.92540973464747,190272600
2020-11-02,105.70006561279297,107.55616121485627,104.29099346700175,106.0304732873338,122866900
2020-11-03,107.32292938232422,108.34328959669351,105.66119353544151,106.56494539048946,107624400
2020-11-04,111.70560455322266,112.32754035689703,109.17898942403805,110.91846867352281,138235500
2020-11-05,115.67046356201172,116.24381509607197,113.57143184766637,114.62094399780884,126387100
2020-11-06,115.53907012939453,116.03552551635951,113.04702688343866,115.1788900602559,114457900
2020-11-09,113.23196411132812,118.7514365224502,112.9691352746871,117.30099476626944,154515300
2020-11-10,112.89126586914062,114.46825386220857,111.10010975217423,112.48241768033425,138023400
2020-11-11,116.31781768798828,116.45410042104282,113.34879251575485,114.07888176862647,112295000
2020-11-12,116.04524230957031,117.33019898779234,115.42223346115063,116.44436129860394,103162300
2020-11-13,116.09392547607422,116.49303706432583,114.74082734876326,116.26914719031565,81581900
2020-11-16,117.10630798339844,117.77798498184063,115.01338417236556,115.7629391328116,91183000
2020-11-17,116.22046661376953,117.46648433849896,115.80188183810091,116.37622254278644,74271000
2020-11-18,114.89657592773438,116.63905646851767,114.86737354648494,115.46118005472933,76322100
2020-11-19,115.49038696289062,115.89923517011198,113.70896736833065,114.46825901798518,74113000
2020-11-20,114.2248764038086,115.61691333251069,114.1762082504216,115.49036722148352,73604300
2020-11-23,110.82754516601562,114.49746457209459,110.73020141936897,114.06914317462709,127959300
2020-11-24,112.11250305175781,112.77445093316165,109.6009942581799,110.88595846342133,113874200
2020-11-25,112.94966888427734,113.6505557267342,112.11249931432629,112.48241594054053,76499200
2020-11-27,113.49478912353516,114.37089759423498,113.1346165605287,113.47532334723114,46691300
2020-11-30,115.88951110839844,117.75853793262587,113.70897238661402,113.86472833539251,169410200
2020-12-01,119.46206665039062,120.19215587053868,116.82401182614447,117.79746411967523,127728200
2020-12-02,119.8125,120.09480203261869,117.68063727975765,118.78063560532624,89004200
2020-12-03,119.67622375488281,120.493920092042,118.96560033409804,120.24082042379452,78967600
2020-12-04,119.00455474853516,119.5983613009378,118.29393123559595,119.34526159986807,78260400
2020-12-07,120.46471405029297,121.2629445857138,119.00453569816821,119.06294045566084,86712000
2020-12-08,121.07801818847656,121.66209562471133,119.82226358353684,121.06828901089827,82225500
2020-12-09,118.5470199584961,122.6063142688594,117.78772835245422,121.22401378468822,115089200
2020-12-10,119.96824645996094,120.58152609613698,116.96028274160534,117.30098952456378,81312200
2020-12-11,119.1603012084961,119.50100803270227,117.34967931202699,119.17976698694284,86939800
2020-12-14,118.5470199584961,120.07533977310263,118.31339348591051,119.3452505477775,79184500
2020-12-15,124.48507690429688,124.50455010924838,120.83463079530905,121.03905488619017,157243700
2020-12-16,124.41693115234375,124.96206204213269,123.2001158255996,124.0275561892667,98208600
2020-12-17,125.2833023071289,126.1399450451197,124.64082025363582,125.47798978748065,94359800
2020-12-18,123.29747009277344,125.67269604688084,122.7718049671832,125.53641332100761,192541500
2020-12-21,124.82577514648438,124.90365310723669,120.17267468087437,121.70099438309586,121251600
2020-12-22,128.37892150878906,130.84175516574334,126.20811172127088,128.1160851725901,168904800
2020-12-23,127.48330688476562,128.91426795602177,127.30807776451475,128.65144655619818,88223700
2020-12-24,128.4665069580078,129.91695629713385,127.61960817236115,127.83376887622417,54930100
2020-12-28,133.0612030029297,133.6939410837403,129.96561683148184,130.43288465030292,124486200
2020-12-29,131.28948974609375,135.1054204796811,130.77356128298763,134.38507537843176,121047300
2020-12-30,130.17002868652344,132.37976932791838,129.85851685438772,131.98065036313264,96452100
2020-12-31,129.16738891601562,131.16296911492586,128.2231389904879,130.5204870277971,99116600
2021-01-04,125.97447967529297,130.0629768178639,123.39482930890424,129.97536966603926,143301900
2021-01-05,127.53199005126953,128.24262097829288,125.02048114625119,125.46827577350281,97664900
2021-01-06,123.23906707763672,127.57093452826126,123.02490637051051,124.32933639261917,155088000
2021-01-07,127.44438171386719,128.13553942794485,124.46561985658641,124.95234603859188,109578200
2021-01-08,128.5443878173828,129.10899197173987,126.77269738263777,128.91428961570313,105158200
2021-01-11,125.55587005615234,126.71428063801753,125.08861712398671,125.76030156918269,100384500
2021-01-12,125.38066101074219,126.24703297603195,123.49216114503781,125.08862234580894,91951100
2021-01-13,127.41519165039062,127.9603226503501,125.07891169236268,125.34173316138947,88636800
2021-01-14,125.48774719238281,127.52225905827079,125.34172042627678,127.32757155716695,90221800
2021-01-15,123.76471710205078,126.7629517813355,123.62843438270613,125.3611781802463,111598500
2021-01-19,124.4364242553711,125.29306713557054,123.57005219833488,124.38774866377702,90757300
2021-01-20,128.52490234375,128.97269692470792,125.13729259464834,125.24437293876636,104319500
2021-01-21,133.23638916015625,135.96205811290383,130.04346734095793,130.24789882523683,120150900
2021-01-22,135.3779754638672,136.13726682824685,131.43549193115814,132.66203609199488,114459400
2021-01-25,139.12579345703125,141.23818305206848,132.91516336360118,139.27182020640586,157611700
2021-01-26,139.3594512939453,140.46918645287846,137.6169631530498,139.78777273313094,98390600
2021-01-27,138.28860473632812,140.46914281583642,136.68241469205358,139.6222293773767,140843800
2021-01-28,133.45057678222656,138.22050212672593,133.07093096645877,135.81607367562873,142621100
2021-01-29,128.456787109375,133.10988846080656,126.7532453845792,132.22404319902353,177523800
2021-02-01,130.57887268066406,131.78595871131816,127.45408469869479,130.19922693086417,106239800
2021-02-02,131.40634155273438,132.6912909648265,131.03642489675576,132.12668680443446,83305400
2021-02-03,130.38418579101562,132.16560504134387,130.06294479305137,132.15586101329262,89880900
2021-02-04,133.7425994873047,133.75232866214105,131.01693030921246,132.68154013575978,84183100
2021-02-05,133.32827758789062,133.97171978594034,132.45086722756864,133.90348403057772,75693800
2021-02-08,133.47450256347656,133.52325088194496,131.53443254526087,132.6165797613071,71297200
2021-02-09,132.59706115722656,134.4201468877061,132.44108738356064,133.1917548672735,76774200
2021-02-10,131.99266052246094,133.5525177010359,131.02749721967888,133.0553056014661,73046600
2021-02-11,131.73916625976562,132.9675435248031,130.41329236021338,132.4898338171174,64280000
2021-02-12,131.97312927246094,132.12911793128706,130.33529298247856,130.97873504321333,60145100
2021-02-16,129.84783935546875,132.59706880200096,129.45786770907952,132.0901279755408,80576300
2021-02-17,127.55680847167969,128.9021846827299,126.22119084968794,127.95652384973054,97918500
2021-02-18,126.45523071289062,126.73794728065712,124.21294097812884,125.95801847605678,96856700
2021-02-19,126.61116027832031,127.43009341839543,125.56801758188449,126.9718859638425,87668800
2021-02-22,122.8382797241211,126.46493488700048,122.44831544375612,124.79783740249141,103916400
2021-02-23,122.7017822265625,123.5304515985531,115.41922654111875,120.6544792375418,158273000
2021-02-24,122.20459747314453,122.40932706149795,119.16289223137868,121.80488944958321,111039900
2021-02-25,117.95399475097656,123.28673718148006,117.51528958023444,121.55140392768223,148199500
2021-02-26,118.21720123291016,121.71711309193381,118.15870176681696,119.51382163045578,164560400
2021-03-01,124.58336639404297,124.71985277897572,119.70883139515851,120.64474122239031,116307900
2021-03-02,121.98035430908203,125.49001767022227,121.87311395477933,125.18779891061432,102260900
2021-03-03,118.99713897705078,122.55555080343935,118.78265825970878,121.67813306792647,112966300
2021-03-04,117.1155776977539,120.49850624904042,115.64347345208853,118.6949297486631,178155000
2021-03-05,118.3731918334961,118.88014757741405,114.61980182519049,117.94423786319923,153766600
2021-03-08,113.44017791748047,117.96374575469044,113.29394038143423,117.89550256292887,154376600
2021-03-09,118.0514907836914,118.99715180961525,115.80920903774101,116.04318464645965,129525800
2021-03-10,116.96934509277344,119.10438636423861,116.4526381350717,118.6364351696504,111943300
2021-03-11,118.899658203125,120.11829196722469,118.21722627040926,119.4651060547753,103026500
2021-03-12,117.99297332763672,118.12945968982199,116.16990230218398,117.37878469780301,88105100
2021-03-15,120.87870788574219,120.8884590376453,117.39829045128926,118.36345366505867,92403800
2021-03-16,122.41908264160156,124.02768082306405,121.59041310507568,122.54581788527467,115227900
2021-03-17,121.62938690185547,122.7017830040472,119.27010655149442,120.93720389555035,111932600
2021-03-18,117.50553131103516,120.08903616814248,117.3008017478915,119.79656111339463,121229700
2021-03-19,116.97908020019531,118.38294855656439,116.67686143267959,116.89134214689703,185549500
2021-03-22,120.29377746582031,120.76173611147584,117.24232114898952,117.31056434336112,111912300
2021-03-23,119.46509552001953,121.1224343178664,119.07513126230569,120.23527288356823,95467100
2021-03-24,117.07656860351562,119.81606211005297,117.05707373778829,119.73806777124454,88530500
2021-03-25,117.56401824951172,118.60717576184044,116.01391986522562,116.54037047817636,98844700
2021-03-26,118.16847229003906,118.43170133574063,115.93593444848634,117.33005170542276,94071200
2021-03-29,118.34394836425781,119.50408995901205,117.70051367598907,118.59742624167248,80819200
2021-03-30,116.89134216308594,117.37879562712054,115.87743806534003,117.09607172542653,85671900
2021-03-31,119.08488464355469,120.42050239594532,118.10997769999379,118.59743117177423,118323800
2021-04-01,119.91355895996094,121.06394949790783,119.41635431579364,120.5570011392304,75089100
2021-04-05,122.74077606201172,122.99425393009696,119.9817878428641,120.76171631176526,88651200
2021-04-06,123.04299926757812,123.93991183273825,122.49705378234141,123.32572316184695,80171300
2021-04-07,124.69058990478516,124.71008476944755,121.9998448664795,122.6725329855432,83466700
2021-04-08,127.08891296386719,127.1181589920448,125.29508714808665,125.71429013590195,88844600
2021-04-09,129.66262817382812,129.70161790758218,126.22120772891054,126.54292881700623,106686700
2021-04-12,127.94681549072266,129.5164165453594,127.3521215538503,129.19469541138892,91420000
2021-04-13,131.05674743652344,131.28098676840776,128.6194798143975,129.11669192988782,91266500
2021-04-14,128.7169647216797,131.61243958256816,128.35625390681537,131.55394754511985,87222800
2021-04-15,131.12501525878906,131.6124688471117,130.286594491838,130.4620855191037,89347100
2021-04-16,130.79354858398438,131.29074588188703,129.935625520087,130.93003499179508,84922400
2021-04-19,131.45645141601562,132.07064756343885,129.99409097045535,130.15982336917756,94264200
2021-04-20,129.76988220214844,132.12915555406386,128.502500021129,131.6319582978669,94812300
2021-04-21,130.1501007080078,130.3938274883599,128.00530801609,129.03870718463844,68847100
2021-04-22,128.6292266845703,130.78376273570044,128.11252718583415,129.7016154150474,84566500
2021-04-23,130.9495391845703,131.72945302562363,128.84373611155925,128.84373611155925,78657500
2021-04-26,131.33946228027344,131.67092706494682,130.2085666757299,131.44670263718533,66905100
2021-04-27,131.01773071289062,132.01213986314156,130.74475798551163,131.6221681983873,66015800
2021-04-28,130.22805786132812,131.63192609526544,129.740604439872,130.93973569140266,107760100
2021-04-29,130.13055419921875,133.63048088194913,129.12640139531834,133.04553085743174,151101000
2021-04-30,128.16127014160156,130.20856574635297,127.78105703815494,128.47323262027362,109839500
2021-05-03,129.21414184570312,130.7057629484472,128.52196634221076,128.7266884414814,75135100
2021-05-04,124.64185333251953,128.19052150938094,123.52070884107249,127.89804644623831,137564700
2021-05-05,124.8855972290039,127.17661983745883,124.75885455406909,125.95798604278042,84000900
2021-05-06,126.48442840576172,126.49417211958026,123.93991332667143,124.68084466410176,78128300
2021-05-07,127.15825653076172,128.1836356126159,126.44535491426944,127.78325616498553,78973300
2021-05-10,123.87699890136719,126.50394796231055,123.83793549239249,126.3770049216638,88071200
2021-05-11,122.95902252197266,123.31057826628059,119.89260855529714,120.60550265898722,126142800
2021-05-12,119.89263153076172,121.71880695136791,119.38482206893003,120.50787096501224,112172300
2021-05-13,122.04105377197266,123.19339816893378,121.34769508108849,121.66019487769238,105861300
2021-05-14,124.46294403076172,124.89263410961189,122.90044481301196,123.29107148009538,81918000
2021-05-17,123.31060028076172,123.95513540332345,122.2363825270762,123.8477128828965,74244600
2021-05-18,121.92387390136719,124.01371786549493,121.8555147978895,123.59379552967953,63342900
2021-05-19,121.76763916015625,121.9922444710152,119.98052713623112,120.27349900757707,92612000
2021-05-20,124.32621002197266,124.7266043537825,122.16800708745404,122.29496502221474,76857100
2021-05-21,122.49030303955078,125.00006976732445,122.27545797754463,124.82428812119076,79295400
2021-05-24,124.12114715576172,124.94146389287052,122.98833802904868,123.05669713625909,63092900
2021-05-25,123.92581939697266,125.31254421960261,123.35941119129158,124.82425537458776,72009500
2021-05-26,123.87699890136719,124.40434374665045,123.45707656811848,123.98442141340175,56575900
2021-05-27,122.34378814697266,124.64847698408089,122.14847856440403,123.4766045875031,94625600
2021-05-28,121.68950653076172,122.85161879427051,121.63091513952054,122.62700604353964,71311100
2021-06-01,121.36724853515625,122.41217064788405,121.03522069119808,122.14850191595166,67637100
2021-06-02,122.12895202636719,122.30473364370846,121.14262887683675,121.36723416808287,59278900
2021-06-03,120.64458465576172,121.92387970340114,120.2441902802076,121.75786579428137,76229200
2021-06-04,122.93950653076172,123.20318269390796,120.94731726161271,121.16216229807738,75169300
2021-06-07,122.94926452636719,123.3594191359653,121.90434257301015,123.21293321808503,71057600
2021-06-08,123.76959228515625,125.44928928445928,123.25201508828968,123.6328740614777,74403800
2021-06-09,124.15043640136719,124.75590806990476,123.55473244780471,124.22856322000109,56877900
2021-06-10,123.15433502197266,125.18558742946014,122.9883211344928,124.04300329363414,71186400
2021-06-11,124.36529541015625,124.45318995364758,123.14459167144136,123.56451405558266,53522400
2021-06-14,127.42192840576172,127.4805197980516,124.09185265030386,124.82427485626314,96906500
2021-06-15,126.60160827636719,127.53911517627388,126.35746756194183,126.89458011391095,62746300
2021-06-16,127.09967803955078,127.82234007827095,125.44929896252637,127.31452310778732,91815000
2021-06-17,128.7012176513672,129.44341498990488,126.61137364763495,126.75786702289925,96721700
2021-06-18,127.40239715576172,128.42777623689193,127.18755213466459,127.64653787053875,108953300
2021-06-21,129.1992950439453,129.3067175759483,126.18171878291032,127.24616893565036,79663300
2021-06-22,130.83985900878906,130.93752123375742,128.53517057047182,129.0332270561817,74783600
2021-06-23,130.5664520263672,131.171931135257,130.10746628787817,130.63481857945425,60214200
2021-06-24,130.2832489013672,131.48441699311277,129.81448802069463,131.29886767382567,68711000
2021-06-25,129.99029541015625,130.7520133222248,129.69732354370646,130.33209840454234,70783700
2021-06-28,131.6211395263672,132.08012525724726,130.22466180559726,130.28325319231956,62111300
2021-06-29,133.13479614257812,133.2910497525751,131.2012061476498,131.64065638724745,64556100
2021-06-30,133.75006103515625,134.1895113589195,132.68559615169934,132.9785680012639,63261400
2021-07-01,134.0527801513672,134.11137153536558,132.5781607819675,133.39848486144226,52485800
2021-07-02,136.6797637939453,136.71881975736173,134.52155301126126,134.66803150053377,78852600
2021-07-06,138.6914825439453,139.79498860999516,136.78718765891608,136.78718765891608,108181800
2021-07-07,141.18173217773438,141.4942246159424,139.31649311139282,140.17585849234243,104911600
2021-07-08,139.8828887939453,140.68366270138483,137.37311474377276,138.2617906456667,105575500
2021-07-09,141.7090301513672,142.23636751298437,139.30667907892771,139.4043413205293,99890800
2021-07-12,141.1133270263672,142.89067850548736,140.62504561797144,142.78325599959365,76299700
2021-07-13,142.22662353515625,144.00397520789517,140.2637374239949,140.65435663279786,100827100
2021-07-14,145.65432739257812,146.06449685832388,144.2187789659628,144.62894843170855,127050800
2021-07-15,145.00006103515625,146.48444087501676,143.64263914576114,145.74225840567044,106820300
2021-07-16,142.9590606689453,146.25007329563246,142.46101889049345,144.98055328375486,93251400
2021-07-19,139.11138916015625,140.69343127095988,138.34967125172668,140.38092397459488,121434600
2021-07-20,142.72463989257812,143.65238642562363,139.60941723835447,140.09769861315104,96350000
2021-07-21,141.99221801757812,142.70511955455981,141.24027542823887,142.1191759435654,74993500
2021-07-22,143.3594207763672,144.72660272403846,142.39261824833602,142.51957617960753,77338200
2021-07-23,145.07818603515625,145.23443967973952,143.47662343109712,144.09186284341388,71447400
2021-07-26,145.4981231689453,146.31843249256286,144.23834858516193,144.79499663408214,72434100
2021-07-27,143.3301544189453,145.71297050212902,142.13874637735347,145.62506850801552,104818600
2021-07-28,141.5820770263672,143.52544245138444,139.19926130154866,141.41606313093854,118931200
2021-07-29,142.22662353515625,143.1152993715257,141.1914692207776,141.29889173837356,56699500
2021-07-30,142.4414520263672,142.90043773904355,140.73246710930246,140.99614324026174,70440600
2021-08-02,142.1094512939453,143.50592922511103,141.84577511280253,142.9297606339798,62880000
2021-08-03,143.9062957763672,144.5703513322944,141.77738110937673,142.39262044590672,64786600
2021-08-04,143.50595092773438,144.32626039182554,142.85165540986375,143.81845828615255,56368300
2021-08-05,143.6133270263672,144.37504483971543,142.7441867059485,143.53520021202812,46397700
2021-08-06,142.9287109375,143.8773972975789,142.42992307824377,143.13410295218878,54126800
2021-08-09,142.8798370361328,143.47643358609363,142.3223698894288,142.98742050984688,48908700
2021-08-10,142.40057373046875,144.46420892889094,142.10716298252666,143.22211188591413,69023100
2021-08-11,142.6548614501953,143.49596433929045,142.33211110540972,142.84068876296502,48493500
2021-08-12,145.6183319091797,145.7748196952717,142.63534877709864,142.97766394373784,72282600
2021-08-13,145.82373046875,146.15625583633786,145.0119668312874,145.69658227146752,59375000
2021-08-16,147.79928588867188,147.8677548726636,143.25147091055382,145.27597699148956,103296000
2021-08-17,146.88973999023438,148.34698930481986,145.8139053280962,146.92885446726953,92229700
2021-08-18,143.1438751220703,147.40806875624398,142.9384831112802,146.50828669516952,86326000
2021-08-19,143.47640991210938,144.74784668525945,141.32475571635126,141.8431082977637,86960300
2021-08-20,144.9336700439453,145.23685570513334,143.55464985258175,144.20015057068707,60549600
2021-08-23,146.42025756835938,146.88970580098356,144.64024334594515,145.0510124149276,60131800
2021-08-24,146.33226013183594,147.54501786684636,145.87258667150505,146.16599748585364,48606400
2021-08-25,145.09994506835938,147.0168826886461,144.5522528692755,146.51807985316438,58991300
2021-08-26,144.2979278564453,145.8432104957662,144.26858827472006,145.09014133349774,48597200
2021-08-27,145.33470153808594,145.48139950095754,143.60359095872263,144.23930202916046,55802400
2021-08-30,149.7553253173828,150.11720505871097,145.34443375463215,145.72586326960624,90956700
2021-08-31,148.49371337890625,149.4423999461669,147.96557089636175,149.3054768809692,86453100
2021-09-01,149.1587371826172,151.57446255268852,148.99247455645138,149.4717126602179,80313700
2021-09-02,150.27371215820312,151.32020730323478,149.05117946923792,150.48887910534057,71115500
2021-09-03,150.909423828125,151.23217421828528,149.72600573087058,150.38128139931968,57808700
2021-09-07,153.24693298339844,153.80440017652478,150.9974696606434,151.56472666714657,82278300
2021-09-08,151.70162963867188,153.58921285674052,150.59645536526742,153.53053367824012,74420200
2021-09-09,150.68447875976562,152.67964530991367,150.56710548729126,152.073273942186,57305700
2021-09-10,145.69654846191406,152.06349296335642,145.43247723787448,151.59404461667017,140893200
2021-09-13,146.26382446289062,148.09272872223804,145.48140050070867,147.3200945733119,102404300
2021-09-14,144.865234375,147.75042357206001,143.6818310431746,147.0462435219262,109296300
2021-09-15,145.75523376464844,146.15622806180076,143.15368066284816,145.2955602871313,83281300
2021-09-16,145.52047729492188,145.69652972947753,143.98498428450677,145.1781771600229,68034100
2021-09-17,142.85047912597656,145.54984051172312,142.55706833315722,145.54984051172312,129868800
2021-09-20,139.79905700683594,141.65730067907975,138.16575516526504,140.6401600731503,123478900
2021-09-21,140.2782440185547,141.42254742441006,139.6425331695155,140.76725695581268,75834000
2021-09-22,142.6450958251953,143.21233776359767,140.54233100418216,141.27585049264187,76404300
2021-09-23,143.6035919189453,143.84809847436335,142.4397383273961,143.4275394388265,64838200
2021-09-24,143.6915740966797,144.22949136628228,142.36145817706782,142.45926674371992,53477900
2021-09-27,142.1756134033203,142.75265999815156,140.65968527072772,142.273421957967,74150700
2021-09-28,138.7917022705078,141.56929310981445,138.57653531162535,140.102253802977,108972300
2021-09-29,139.69143676757812,141.27583390106034,138.909013087078,139.33934685752757,74602000
2021-09-30,138.3907012939453,141.20742140322028,138.17553434540375,140.50324137590155,89056700
2021-10-01,139.51541137695312,139.77948259151805,136.0532056936857,138.7818918325454,94639600
2021-10-04,136.08251953125,139.08506612814298,135.23164179626298,138.64494254598642,98322000
2021-10-05,138.00926208496094,139.11443634160335,136.29771642835235,136.42486459550415,80861100
2021-10-06,138.87969970703125,139.02639764577518,135.32946035449564,136.4052949835953,83221100
2021-10-07,140.14137268066406,141.0509448396517,139.58390548679733,139.9164308251386,61732700
2021-10-08,139.75991821289062,141.01179037767685,139.42739293363346,140.86509243785557,58773200
2021-10-11,139.671875,141.6279267805162,138.6938491097419,139.14374758559657,64452200
2021-10-12,138.40045166015625,140.10222224522562,137.94077825367475,140.0826575469626,73035900
2021-10-13,137.81365966796875,138.292882900144,136.14122849083293,138.13641006788947,78762700
2021-10-14,140.6010284423828,140.7184017237602,138.40046969110713,138.98729132751163,69907100
2021-10-15,141.6573028564453,141.71598203721894,140.3565262964831,140.61082264449493,67940300
2021-10-18,143.32972717285156,143.6133481739968,140.01421930853004,140.29784030967528,85589200
2021-10-19,145.49114990234375,145.8921441646938,143.32972068785898,143.77960431394027,76378900
2021-10-20,145.98016357421875,146.45940171355207,144.86521446863128,145.43247137126255,58418800
2021-10-21,146.1953125,146.35180023114674,144.62069014862826,145.54003691475097,61421000
2021-10-22,145.42266845703125,146.87991744687585,145.3737641790151,146.40069432339263,58883400
2021-10-25,145.373779296875,146.08773407498782,144.3761886308666,145.4128937692613,50720600
2021-10-26,146.03883361816406,147.5254222317521,145.735633055369,146.04860850464487,60893400
2021-10-27,145.5791778564453,146.43983059903536,145.22708789518356,146.07796575011088,56094900
2021-10-28,149.2174530029297,149.80425972363017,146.43007257824578,146.5278811601097,100077900
2021-10-29,146.50830078125,146.6452238271108,143.19279317037723,143.98499185882136,124953200
2021-11-01,145.68675231933594,146.4104819724985,144.5522386338212,145.71609190400514,74588300
2021-11-02,146.72348022460938,148.23942366972244,145.38357431484795,145.39336412691904,69122000
2021-11-03,148.1612091064453,148.63065755043078,146.5279069812589,147.08537421033594,54511500
2021-11-04,147.64279174804688,149.08047604584104,147.3298163066968,148.24916301129954,60394600
2021-11-05,148.17173767089844,149.07283317887465,146.97680309732056,148.76920495768735,65463900
2021-11-08,147.3489532470703,148.4557402315451,147.0747075253852,148.29902412050475,55020900
2021-11-09,147.71133422851562,148.31859042808787,146.97674433086416,147.113867180615,56787900
2021-11-10,144.88075256347656,147.04535126438861,144.81219859350324,146.93761078705322,65187100
2021-11-11,144.831787109375,146.35973220816493,144.64568854947308,145.89940280376894,41000000
2021-11-12,146.90823364257812,147.3097982131486,144.449795829464,145.38027365145768,63804000
2021-11-15,146.9180450439453,148.7594226576512,146.35974929904566,147.2804381058986,59222800
2021-11-16,147.8974609375,148.3773984758072,146.27156473370576,146.85924274203003,59256200
2021-11-17,150.33631896972656,151.8152883338415,147.88768528692268,147.89747444135526,88807000
2021-11-18,154.6262969970703,155.4098626732955,149.9053395784081,150.5517823821893,137827700
2021-11-19,157.2512664794922,157.71161083201548,153.31385912302107,154.41084228889372,117305600
2021-11-22,157.7115936279297,162.29542845267346,157.69200037488366,158.3580215257173,117467900
2021-11-23,158.09356689453125,158.47555309859132,155.79184557181551,157.80951705712113,96041900
2021-11-24,158.61270141601562,158.8085891260157,156.35995538782916,157.44714936539495,69463600
2021-11-26,153.5880889892578,157.15329885394945,153.14733793761846,156.2913900038225,76959800
2021-11-29,156.9476318359375,157.87810965774673,155.5274123262941,156.09549714109664,88748200
2021-11-30,161.90367126464844,162.11915223655976,156.63420649835714,156.70277541909022,174048100
2021-12-01,161.384521484375,166.80089693903759,161.14944731636166,164.03883150964717,152052500
2021-12-02,160.39527893066406,160.82624080588923,154.55774519881157,155.47843376037946,136739200
2021-12-03,158.5147705078125,161.5706759695091,156.43833361283723,160.64998717410649,118023100
2021-12-06,161.92327880859375,164.43067767179699,160.90463867961986,160.91442783547066,107497000
2021-12-07,167.66281127929688,168.05460157243954,164.88116745170595,165.60596828506618,120405400
2021-12-08,171.4827117919922,172.3446356103418,167.19270089919112,168.59332710400926,116998900
2021-12-09,170.97337341308594,173.11837862863902,170.3465238704593,171.3161880617465,108923700
2021-12-10,175.76290893554688,175.93921831838114,171.1007161505561,171.61003610118843,115402700
2021-12-13,172.12918090820312,178.38788880944355,171.92348907644438,177.39863110924915,153237000
2021-12-14,170.74810791015625,174.08804749115933,168.67167154672788,171.64920321778123,139380400
2021-12-15,175.61598205566406,175.81186972926076,168.76959801571434,171.51207028188244,131063300
2021-12-16,168.72064208984375,177.41819331105674,167.24167279418768,175.5964093375668,150185800
2021-12-17,167.6236572265625,169.90578548213614,166.20345276063674,166.43851201579665,195432700
2021-12-20,166.26219177246094,167.0751397760327,164.01925037100784,164.82239427695404,107499100
2021-12-21,169.4356231689453,169.6412999821802,165.64512892706966,168.0349972493165,91185900
2021-12-22,172.03118896484375,172.24666990143447,168.61289133008395,169.48460422982922,92135300
2021-12-23,172.6580047607422,173.21630024508605,171.66876243275732,172.23684706856935,68356600
2021-12-27,176.62481689453125,176.71296410542078,173.4318044894933,173.45138279506557,74919600
2021-12-28,175.60621643066406,177.60430999681327,174.86183712980394,176.45835116267244,79144300
2021-12-29,175.69435119628906,176.91866791508298,174.4798236309474,175.6453755384828,62348900
2021-12-30,174.53858947753906,176.85990415292721,174.4308490078352,175.78249945588863,59773000
2021-12-31,173.9215545654297,175.5474359178977,173.61791144491113,174.43085959378186,64062300
2022-01-03,178.27027893066406,179.12241341271906,174.05864195255185,174.17617155893032,104487900
2022-01-04,176.00775146484375,179.1811854730246,175.4396667688889,178.8775573474026,99310400
2022-01-05,171.3259735107422,176.46810345784326,171.05172777585187,175.9196119880626,94537600
2022-01-06,168.4659881591797,171.69818743268368,168.1133843303379,169.15160256379613,96904000
2022-01-07,168.6324920654297,170.5620164817169,167.5159157741246,169.3376997173353,86709100
2022-01-10,168.65208435058594,168.95571251516662,164.71467747425172,165.6059836604726,106765600
2022-01-11,171.4827117919922,171.58064816981238,167.31024547595837,168.77942565072325,76138300
2022-01-12,171.9234619140625,173.53955411934612,171.22805833783443,172.50133585944042,74805200
2022-01-13,168.65208435058594,172.9910557649256,168.26029402106818,172.16831849084767,84505800
2022-01-14,169.51402282714844,170.20942643626557,167.57469415475944,167.8195575274604,80440800
2022-01-18,166.31117248535156,168.99486494876345,165.92918629810023,167.986029250503,90956700
2022-01-19,162.81454467773438,167.56489994287205,162.53050974989438,166.50708841129685,94815000
2022-01-20,161.12986755371094,166.19363965286126,160.8066461501134,163.54911855874857,91420500
2022-01-21,159.0730438232422,162.91249968467412,158.965303342259,161.04173994454513,122848900
2022-01-24,158.2992401123047,158.9652761385697,151.521424960607,156.7321237742352,162294600
2022-01-25,156.49708557128906,159.41585293852967,153.79379917867107,155.7135197495045,115798400
2022-01-26,156.40890502929688,161.01233270214277,154.57733208034693,160.14061983418955,108275300
2022-01-27,155.94862365722656,160.4736950948897,155.0279347623148,159.112255011746,121954600
2022-01-28,166.83030700683594,166.8499002604039,159.4550237648548,162.30523687541563,179935700
2022-01-31,171.1888427734375,171.40432369026982,166.02711981248893,166.66377341050108,115541600
2022-02-01,171.02236938476562,171.2476394960686,168.76962343591478,170.43469133018758,86213900
2022-02-02,172.22706604003906,172.26625254169926,169.7686436179964,171.15946552150538,84914300
2022-02-03,169.3474884033203,172.618874147118,168.58351594007854,170.89502658265624,89418100
2022-02-04,169.0631103515625,170.7401162961765,167.38610440694853,168.3668057872498,82465400
2022-02-07,168.3472137451172,170.59301347126842,167.65090913443373,169.52405248698778,77251200
2022-02-08,171.4560089111328,171.9659777736799,168.12161553517308,168.41582891603926,74829200
2022-02-09,172.87799072265625,173.24084534529925,171.5246184003273,172.65243365703856,71285000
2022-02-10,168.79830932617188,172.09346641687537,168.23931734555768,170.77933021680633,90865900
2022-02-11,165.38548278808594,169.7397993797007,164.79705596488338,169.0042733328554,98670700
2022-02-14,165.62086486816406,166.30735288699964,163.345630332233,164.13999610862248,86185500
2022-02-15,169.45535278320312,169.61226856573026,166.96437833391397,167.67048439097334,62527400
2022-02-16,169.22000122070312,169.994748612644,166.76824813134002,168.53351334854412,61177400
2022-02-17,165.62086486816406,168.59238905022963,165.21877368416162,167.72936698979834,69589300
2022-02-18,164.07135009765625,167.24881311236203,162.9827709259436,166.54272185911768,82772700
2022-02-22,161.14886474609375,163.47312232621292,159.02072949307376,161.79611631133258,91162800
2022-02-23,156.98089599609375,162.9435479364118,156.66706433380475,162.34531942395103,90009200
2022-02-24,159.59934997558594,159.70722772731528,149.0666116347653,149.63542023803691,141147500
2022-02-25,161.6686248779297,161.9334034703252,157.76542269815738,160.6781069290293,91974200
2022-02-28,161.9333953857422,162.22760877136363,159.2953064697166,159.91315308309024,95056600
2022-03-01,160.05044555664062,163.3848388800103,158.84418717486,161.52149747345592,83474400
2022-03-02,163.34559631347656,164.13016029917193,159.8052642347465,161.21747641613547,79724800
2022-03-03,163.02197265625,165.65025991761865,162.35510295615475,165.21874895199736,76678400
2022-03-04,160.02105712890625,162.3551314170317,158.97171433702658,161.31559025270195,83737200
2022-03-07,156.22573852539062,161.83535182075346,155.97074658012755,160.2073838791356,96418800
2022-03-08,154.40164184570312,159.73666023729874,152.79329203332358,155.75501466301262,131148300
2022-03-09,159.8052978515625,160.25642710163922,156.33362131227005,158.363665526824,91454900
2022-03-10,155.4607696533203,157.29467624132576,152.96978004521466,157.10834060556428,105342000
2022-03-11,151.74391174316406,156.2061057623046,151.51835462854714,155.86285431301891,96970100
2022-03-14,147.71324157714844,151.14569651195163,147.20328761828517,148.52722554311967,108732100
2022-03-15,152.0969696044922,152.56771702935066,147.4778746009712,147.98782853142856,92964300
2022-03-16,156.51011657714844,156.9122077008172,151.47912909347468,154.01914186419623,102300200
2022-03-17,157.520263671875,157.8929350151505,154.5879758844706,155.54905912498893,75615400
2022-03-18,160.81536865234375,161.30571922205453,156.67680864683973,157.4123345014059,123511700
2022-03-21,162.18841552734375,163.1396971599505,159.86414284434693,160.35449358427547,95811400
2022-03-22,165.56202697753906,166.1504388725233,161.72748069331104,162.31589258829527,81532000
2022-03-23,166.92515563964844,169.308252341418,164.41454803066404,164.7479978071537,98062700
2022-03-24,170.710693359375,170.77933467330854,166.92518550141648,167.75877268098228,90131400
2022-03-25,171.34812927246094,171.89731959636083,169.4161465488256,170.52434378661113,80546200
2022-03-28,172.21116638183594,172.33864738407132,168.68063546771577,168.84735290472764,90371900
2022-03-29,175.50631713867188,175.55534023387025,172.93686947046768,173.28012092274494,100589400
2022-03-30,174.33924865722656,176.14373519247044,173.28989123764686,175.10419436160848,92633200
2022-03-31,171.24024963378906,174.59424618696573,171.0342957824536,174.40791055107027,103049300
2022-04-01,170.94607543945312,171.5050824752612,168.6218176816175,170.6714802176125,78751300
2022-04-04,174.99632263183594,175.04536068416874,171.0735178742133,171.20101381741605,76468400
2022-04-05,171.6815643310547,174.85904187741096,171.05391610805626,174.0744778575844,73401800
2022-04-06,168.513916015625,170.27918145157616,166.846726701127,169.03368653783352,89058800
2022-04-07,168.81793212890625,170.01438898962488,166.57213259059588,167.85684898260146,77594700
2022-04-08,166.80751037597656,168.4648982638585,165.93468666135624,168.4648982638585,76575500
2022-04-11,162.55125427246094,165.76795361235142,162.3060789266503,165.45413695115786,72246700
2022-04-12,164.4243927001953,166.59173431379904,163.42407312851623,164.77744578641645,79265200
2022-04-13,167.11148071289062,167.73912889065093,163.55154548536066,164.15957544885293,70618900
2022-04-14,162.1001434326172,167.9647491437104,161.85496805900578,167.32728419373043,75329400
2022-04-18,161.88436889648438,163.38484067093813,160.41331696354428,160.75655343597518,69023900
2022-04-19,164.1693878173828,164.58129552240263,160.7467499371193,161.8353289533827,67723800
2022-04-20,164.002685546875,165.62085178233113,162.89450317699752,165.50315744246095,67929800
2022-04-21,163.20828247070312,168.21966591149055,162.7081302747772,165.650233704649,87227800
2022-04-22,158.66766357421875,164.63032953066207,158.38326676927218,163.24755201100473,84882400
2022-04-25,159.7366180419922,160.0210148088947,155.40192048493418,158.01057433340998,96046400
2022-04-26,153.77398681640625,159.20706614015833,153.69552890649263,159.11880660312406,95623200
2022-04-27,153.54840087890625,156.70624511583344,152.38136400484169,152.9011344667558,88063200
2022-04-28,160.48199462890625,161.34501674699274,155.86288392873374,156.17671559506246,130216800
2022-04-29,154.60755920410156,162.9925585964128,154.21528465651994,158.7167001847882,131747600
2022-05-02,154.91156005859375,155.17633859448196,150.31206927613943,153.6856836225158,123055300
2022-05-03,156.4022674560547,157.6085410477987,153.303262159751,155.09793269514185,88966500
2022-05-04,162.81602478027344,163.267138972668,156.18647479117334,156.58856589280018,108256500
2022-05-05,153.74456787109375,160.91349295341686,151.9596840798174,160.68793581379188,130525300
2022-05-06,154.47132873535156,156.59275954886184,151.42668182783396,153.22400390708842,116124600
2022-05-09,149.34454345703125,153.047223819661,148.78473018495143,152.163286830581,131577900
2022-05-10,151.7507781982422,153.94096598283207,150.1989918029188,152.74275136095326,115366700
2022-05-11,143.88385009765625,152.67402087769284,143.20616949802272,150.7588463480562,142689800
2022-05-12,140.01416015625,143.58915641213457,136.32131165679368,140.22041656879802,182602000
2022-05-13,144.48294067382812,145.45526685384394,140.55437184575726,142.00793811597927,113990900
2022-05-16,142.94097900390625,144.88563148350204,141.6052649207857,142.95081001781338,86643800
2022-05-17,146.57492065429688,147.09545486873625,144.06062380512492,146.2017017887358,78336300
2022-05-18,138.30523681640625,144.72843858583792,137.40165303300168,144.22755158559363,109742900
2022-05-19,134.89723205566406,139.13026237954173,134.160625433561,137.38205052865445,136095600
2022-05-20,135.13294982910156,138.18741285426975,130.24188557508393,136.60616321771064,137426100
2022-05-23,140.5543975830078,140.7017129465154,135.19189355677787,135.32939289148615,117726300
2022-05-24,137.85348510742188,139.43473470985077,134.87759532556828,138.29544611720485,104132700
2022-05-25,138.0106201171875,139.25792986661668,135.8695424217508,135.95793161918118,92482700
2022-05-26,141.21238708496094,141.76238425203672,134.6909642722216,134.93649979225893,90601500
2022-05-27,146.96775817871094,147.00703727273068,142.66597054796807,142.79365382955837,90978500
2022-05-31,146.18203735351562,147.9695433008326,144.2177530085784,146.40794084331958,103718400
2022-06-01,146.0543670654297,149.03025660842948,145.04274685421817,147.2231036462002,74286600
2022-06-02,148.50975036621094,148.56867650901708,144.237425177131,145.19010444930467,72348100
2022-06-03,142.78382873535156,145.32757327458623,141.8802597672709,144.27667399411106,88570300
2022-06-06,143.53025817871094,145.91687147884687,142.31239647541148,144.40436412307008,71598400
2022-06-07,146.0543670654297,146.33918169758047,141.52669111278408,141.77222665254513,67808200
2022-06-08,145.31776428222656,147.19364446593215,144.82669318974126,145.92668764129223,53950200
2022-06-09,140.09275817871094,145.30793069054988,139.98472194082933,144.45347180040457,69473000
2022-06-10,134.68116760253906,138.2463336751748,134.61241045362357,137.7749096051149,91437900
2022-06-13,129.5249481201172,132.78565318618158,129.0928030542559,130.49725953200095,122207100
2022-06-14,130.38917541503906,131.49900074632365,129.13203476822937,130.7525781704987,84784300
2022-06-15,133.0115203857422,134.8874157174927,129.79992595411264,131.89187879778933,91533000
2022-06-16,127.7374038696289,130.0257968459268,126.7356146942801,129.72133518143346,108123900
2022-06-17,129.2106475830078,130.70350817907268,127.49189843838613,127.74726504539257,134520300
2022-06-21,133.4436492919922,134.61240084976376,130.93919879539584,131.0374040187389,81000500
2022-06-22,132.93299865722656,135.29995078678536,131.51871100316131,132.3829862468522,73409200
2022-06-23,135.8008270263672,136.11510478571114,133.20797181999205,134.37672361512418,72433800
2022-06-24,139.13027954101562,139.375815112003,137.27403122380292,137.40169953003104,89116800
2022-06-27,139.13027954101562,140.92760171899965,138.45259896728206,140.15170092235036,70207900
2022-06-28,134.98562622070312,140.85883237422544,134.86777395244602,139.59187553155968,67083400
2022-06-29,136.74365234375,138.15793948922365,134.2293707457082,135.00527146488074,66242400
2022-06-30,134.2784881591797,135.89901685954254,131.38117155043633,134.7990223471169,98964500
2022-07-01,136.44898986816406,136.55702609474315,133.2373961064284,133.6105999003664,71051600
2022-07-05,139.03204345703125,139.08115356288656,134.4847204054961,135.3097312194843,73353800
2022-07-06,140.3677520751953,141.54631963942614,138.56061414428805,138.82579671678738,74064300
2022-07-07,143.73651123046875,143.93293666537267,140.72132760332855,140.7311436298687,66253700
2022-07-08,144.4141845703125,144.91508669074653,142.41062104747897,142.66597262808202,64547800
2022-07-11,142.28292846679688,144.02132426836204,141.2123971200697,143.0686451840122,63141600
2022-07-12,143.25526428222656,145.79900902596674,142.4597314847581,143.1570440660671,77588800
2022-07-13,142.891845703125,143.8346936356023,139.5820169555785,140.43649069061456,71185600
2022-07-14,145.8186492919922,146.29007333779407,140.69186596170863,141.5070457617974,78140700
2022-07-15,147.48831176757812,148.16599237248846,145.5534901802815,147.10527685866828,76259900
2022-07-18,144.4436492919922,148.86328884760215,144.08024651562505,148.04810908676706,81420900
2022-07-19,148.303466796875,148.52935529848105,144.28650894193657,145.27846713272842,82982400
2022-07-20,150.30703735351562,150.97490184976564,147.6847194489196,148.42132610705224,64823400
2022-07-21,152.5758056640625,152.79187815956976,149.2266969700013,151.7409787508479,65086600
2022-07-22,151.33827209472656,153.48916568446282,150.67042266234586,152.61505981778862,66675400
2022-07-25,150.21865844726562,152.27133221190695,149.56062491925485,151.2597268643066,53623900
2022-07-26,148.8927764892578,150.3561589035467,148.10705966352916,149.54097900815464,55138700
2022-07-27,153.99008178710938,154.52044701167125,149.44277321253915,149.85527117258624,78620700
2022-07-28,154.5400848388672,154.82489948966665,151.65258430440582,154.17668202554245,81378700
2022-07-29,159.6079559326172,160.70796561063992,156.65171270547043,158.36064587550854,101786900
2022-08-01,158.62574768066406,160.66860482170765,158.01682444143958,158.13467668482562,67829400
2022-08-02,157.15257263183594,159.50972297268584,156.77936877558471,157.24097682201486,59907000
2022-08-03,163.16329956054688,163.61507661089456,157.87936937014717,157.96775857743674,82507500
2022-08-04,162.8489990234375,164.20436008201335,161.49363796486168,163.0454244700845,55474100
2022-08-05,162.62283325195312,163.11458658503176,160.31158658363523,160.5181295866614,56697000
2022-08-08,162.15072631835938,165.04223808745311,161.49177870542815,163.62598619996888,60276900
2022-08-09,162.1999053955078,163.0850703328182,160.55745118727944,161.31475546531706,63135500
2022-08-10,166.44863891601562,166.54698055787682,164.14722239112217,164.91435623038078,70170500
2022-08-11,165.7110137939453,168.1697800173322,165.41595884571527,167.25511117853088,57149200
2022-08-12,169.26144409179688,169.3302817306664,166.60596501556313,167.0190508772423,68039400
2022-08-15,170.33346557617188,170.53016384292243,168.52381751068145,168.6910117877752,54091700
2022-08-16,170.17613220214844,170.84492444042124,168.82873307006977,169.93025557179138,56377100
2022-08-17,171.6710662841797,173.24466771389544,169.72372757411412,169.92042587693876,79542000
2022-08-18,171.2776641845703,172.01529411647135,170.26465361199578,170.88426755707084,62290100
2022-08-19,168.69105529785156,170.87444113830458,168.48451230986507,170.17614485304702,70346300
2022-08-22,164.80618286132812,167.05840602639253,164.38326728455968,166.89121173091766,69026800
2022-08-23,164.47177124023438,165.92737151886493,163.90133572678997,164.32425128292837,54147100
2022-08-24,164.766845703125,165.33728128422243,163.5079585610888,164.5603177384026,53841500
2022-08-25,167.2256317138672,167.33381804385021,165.57334777280303,165.99624842184198,51218200
2022-08-26,160.92132568359375,168.2287866440609,160.8623176958489,167.75670773498427,78961000
2022-08-29,158.71829223632812,160.2132113909233,157.18402441564837,158.4920749241394,73314000
2022-08-30,156.2889862060547,159.87877811715921,155.1186113343407,159.45587762112265,77906200
2022-08-31,154.6269073486328,157.93149009277647,154.54822502054373,157.66593911136576,87991100
2022-09-01,155.3546600341797,155.8070645231953,152.11891593895604,154.05642452911226,74229900
2022-09-02,153.2401580810547,157.71511602884905,152.41401615420267,157.11517641377614,76957800
2022-09-06,151.98123168945312,154.49900548839526,151.1550899755094,153.8892363672152,73714800
2022-09-07,153.38766479492188,154.0859459351541,151.07641875135508,152.26646809885722,87449600
2022-09-08,151.91241455078125,153.78107082360773,150.1617592438652,152.08943851032333,84923800
2022-09-09,154.7744140625,155.21700399593914,152.19763181879884,152.9057577037595,68028800
2022-09-12,160.73446655273438,161.5507787814024,156.672594749297,156.95780504262976,104956000
2022-09-13,151.3026580810547,157.89214957569482,150.84040875911936,157.2627059256093,122656600
2022-09-14,152.7483673095703,154.50885206267736,151.07640953249754,152.2369398106262,87965400
2022-09-15,149.8568878173828,152.6795618131171,148.88322594006283,152.09928154477043,90481100
2022-09-16,148.21444702148438,148.85373533906042,145.92287475909458,148.71604501032593,162278800
2022-09-19,151.9320831298828,152.01076545240036,146.64082825286496,146.8473562182448,81474200
2022-09-20,154.31216430664062,155.4727097837978,150.5551772691551,150.86989154639073,107689800
2022-09-21,151.18460083007812,156.12180702361462,151.06658486761725,154.74488909740035,101696800
2022-09-22,150.22076416015625,151.92222593073575,148.42094575247768,149.86670127656183,86652500
2022-09-23,147.94886779785156,148.97172290795524,146.10971554201328,148.69634230303134,96029900
2022-09-26,148.28326416015625,151.23378336075643,147.17189712565283,147.19157145564952,93339400
2022-09-27,149.25694274902344,152.16812862553914,147.47679836474876,150.22078993520137,84442700
2022-09-28,147.36863708496094,148.15544542907958,142.45110369312064,145.2049253939754,146691400
2022-09-29,140.13002014160156,144.30009364647282,138.35970520995244,143.69032433945154,128138200
2022-09-30,135.9206085205078,140.7397998435746,135.72391020279727,138.9498106360333,124925300
2022-10-03,140.1005096435547,140.71029392940602,135.41902371449189,135.930451339268,114311700
2022-10-04,143.69029235839844,143.80830832520158,141.88062916042142,142.6379332973476,87830100
2022-10-05,143.9853515625,144.94919877755754,140.65126498965273,141.6937945288243,79471000
2022-10-06,143.03135681152344,145.1065563258667,142.82482883069895,143.40509411965112,68402200
2022-10-07,137.77944946289062,140.73981422288003,137.15000577763516,140.18903786705042,85925600
2022-10-10,138.10398864746094,139.54974448383035,136.28451052504542,138.10398864746094,74899000
2022-10-11,136.68771362304688,139.01863396780078,135.94025417061508,137.59253769929057,77033700
2022-10-12,136.0583038330078,138.04499143111343,135.88127984271256,136.8352824760686,70433700
2022-10-13,140.63157653808594,141.2216713360496,132.15374170783133,132.76352584164425,113224000
2022-10-14,136.09764099121094,142.1363705990491,135.9107723458466,141.92982762072035,88598000
2022-10-17,140.06117248535156,140.54308109407378,137.9564690521345,138.74327729972723,85250900
2022-10-18,141.37904357910156,144.28038442851894,138.29083411442357,143.09035010046446,99136600
2022-10-19,141.48724365234375,142.55926212019432,139.16616774549112,139.35303637893844,61758300
2022-10-20,141.0249786376953,143.48374457740485,140.29717851697941,140.66108608089553,64522000
2022-10-21,144.84097290039062,145.41140833908693,140.29716371825512,140.5135362986956,86548600
2022-10-24,146.9850616455078,147.75219561004096,143.59196680128503,144.7623420825169,75981900
2022-10-25,149.82737731933594,149.97491229930705,146.89653213741997,147.6144876838341,74732300
2022-10-26,146.88668823242188,149.48314455270017,145.59828223025528,148.47013415168624,88194300
2022-10-27,142.41175842285156,146.59166146526223,141.75281080290236,145.62782920100577,109180200
2022-10-28,153.1713104248047,154.90227649289278,145.3819406077306,145.75566287950778,164762400
2022-10-31,150.81088256835938,151.69604741946125,149.41430514421359,150.6338586024099,97943200
2022-11-01,148.16522216796875,152.8860555392552,146.6703033559686,152.52216300052189,80379300
2022-11-02,142.63795471191406,149.66019092618583,142.60845071578376,146.49329861316923,93604600
2022-11-03,136.58935546875,140.4446982431596,136.4614948514773,139.71689820139042,97918500
2022-11-04,136.32342529296875,140.54966144424455,132.3828725979919,139.97827949963104,140814800
2022-11-07,136.8553466796875,137.08192417351185,133.65364870551915,135.07224959765693,83374600
2022-11-08,137.42672729492188,139.32803609159419,135.44660566800263,138.32320632796907,89908500
2022-11-09,132.86557006835938,136.49088607476932,132.58973260430815,136.44162616361422,74917800
2022-11-10,144.68722534179688,144.68722534179688,137.42676248525757,139.14090816003963,118854000
2022-11-11,147.47515869140625,147.7805490726991,142.2243712372686,143.6528333928847,93979700
2022-11-14,146.07626342773438,148.04653945457946,145.23889010351994,146.75601106211803,73374100
2022-11-15,147.8101043701172,151.3073474058049,146.35210428518187,149.95771310615612,89868300
2022-11-16,146.57867431640625,147.64262514508096,145.10096733747125,146.91363265596118,64218300
2022-11-17,148.47998046875,149.2286798359038,143.97789320265173,144.25373060276158,80389400
2022-11-18,149.04151916503906,150.4305673318375,147.74114484123723,150.0463641188946,74829600
2022-11-21,145.81027221679688,148.1351985339266,145.52458880647748,147.928327968664,58724100
2022-11-22,147.94802856445312,148.1844671134609,144.7463298277078,145.92850754073268,51804100
2022-11-23,148.82476806640625,149.57346734970514,147.12046892488272,147.22883467936106,58301400
2022-11-25,145.90878295898438,146.66734339247978,144.9334909730617,146.10580754336945,35195900
2022-11-28,142.0766143798828,144.4606467175549,141.24910200456142,142.98293960504637,69246000
2022-11-29,139.07192993164062,142.65783165746328,138.2641245866872,142.14555568748492,83763800
2022-11-30,145.82997131347656,146.50971891238402,138.4611435666205,139.29850181511986,111380900
2022-12-01,146.1058349609375,146.91365545012422,144.43110313137328,146.00733016626612,71250400
2022-12-02,145.61325073242188,145.80042936443078,143.48534896644694,143.79075438457457,65447400
2022-12-05,144.45077514648438,148.67701012513257,143.60355595085647,145.5738317516645,68826400
2022-12-06,140.78607177734375,145.11082689130228,139.81077976944414,144.8842493657544,64727200
2022-12-07,138.84535217285156,141.23923029830829,137.91932004741116,140.07677467327488,69721100
2022-12-08,140.52993774414062,141.38701807504808,139.00298578220685,140.24425432184734,62128300
2022-12-09,140.04722595214844,143.40655024212361,138.80594241386282,140.22454358218158,76097000
2022-12-12,142.34255981445312,142.35240578049246,138.96352949381463,140.57915481281114,70462700
2022-12-13,143.30801391601562,147.7411345402718,142.0962984876822,147.27811851695523,93886200
2022-12-14,141.0816192626953,144.48034234830936,139.06208336103646,143.1898139764628,82291200
2022-12-15,134.4713134765625,139.69254696960033,134.00829749499812,139.01279946338835,98931900
2022-12-16,132.51089477539062,135.6042272094749,131.74248840865712,134.65850323442362,160156900
2022-12-19,130.40267944335938,133.19062108581718,129.36829682919725,133.10196229580487,79592600
2022-12-20,130.33375549316406,131.26963355148135,127.9595693949815,129.43727633927585,77432800
2022-12-21,133.4369354248047,134.7767236692483,130.77706590433928,131.003643429146,85928000
2022-12-22,130.26480102539062,132.56017450128888,128.3634917913713,132.35330392731453,77852100
2022-12-23,129.9002685546875,130.45194330756618,127.71326147576875,128.9742366343513,63814900
2022-12-27,128.0974884033203,129.45698360544398,126.80696007412172,129.42743066905106,69007800
2022-12-28,124.1667709350586,129.0826065207181,123.99929931057838,127.7428184928662,85438400
2022-12-29,127.68374633789062,128.54081165179434,125.83168946503402,126.08781995267968,75703700
2022-12-30,127.99897766113281,128.0186846307949,125.53614008985218,126.50157867111179,77034200
2023-01-03,123.2112045288086,128.9545531314731,122.32457886036785,128.34377240566315,112117500
2023-01-04,124.48204803466797,126.74786861860159,123.22107249842935,125.00417001301611,89113600
2023-01-05,123.16195678710938,125.87108644843491,122.90582630338176,125.24059869217061,80962700
2023-01-06,127.693603515625,128.35364427912103,123.03390422681609,124.1372616720093,87754700
2023-01-09,128.2156982421875,131.4272575812406,127.95956778658704,128.530949601707,70790800
2023-01-10,128.7870635986328,129.3091854431004,126.21585327519355,128.32404761851848,63896200
2023-01-11,131.50608825683594,131.52578019546752,128.5211210646013,129.29937353694692,69458900
2023-01-12,131.42724609375,132.26460425926095,129.48652329837336,131.89026209256642,71379600
2023-01-13,132.75718688964844,132.914812571895,129.70326821418658,130.0677644513709,57809700
2023-01-17,133.91966247558594,135.24958975985854,132.1365650960417,132.82615869144374,63646600
2023-01-18,133.20053100585938,136.54999458059902,133.02319832869463,134.78660397065414,69672800
2023-01-19,133.25961303710938,134.22504400705918,131.78190613060963,132.08729648616435,58280400
2023-01-20,135.8209686279297,135.9687483442848,132.22522101014553,133.26946486486585,80223600
2023-01-23,139.0128173828125,141.18997887668803,135.85051793428082,136.06724948686616,81760300
2023-01-24,140.41172790527344,141.03236969957698,138.21487421828232,138.22472018745663,66435100
2023-01-25,139.75164794921875,140.31316867471608,136.7469746734582,138.79606308722262,65799300
2023-01-26,141.82044982910156,142.10613318815084,139.79105325512376,141.04218251884544,54105100
2023-01-27,143.76116943359375,145.04185173584784,140.95353538112576,141.03234821855804,70555800
2023-01-30,140.8747100830078,143.38681456291806,140.7269454208997,142.80558684927905,64015300
2023-01-31,142.14553833007812,142.19479823056315,140.1654165994733,140.57917270592753,65874500
2023-02-01,143.26861572265625,144.43108640849707,139.21971287170524,141.83032262446247,77663600
2023-02-02,148.57850646972656,148.9331416858034,145.96788199485025,146.68702845858084,118339000
2023-02-03,152.2038116455078,155.04101372137666,145.6329433931969,145.82996797468513,154357300
2023-02-06,149.47499084472656,150.82464018350336,148.5391127115985,150.3025182240104,69858300
2023-02-07,152.3515625,152.92294425687993,148.40116513275666,148.40116513275666,83322600
2023-02-08,149.6621551513672,152.28262569889247,148.9233016908853,151.5930321421785,64120100
2023-02-09,148.62774658203125,152.036330247997,148.1844375441137,151.49450140964842,56007100
2023-02-10,148.9927978515625,149.3183915069066,147.22671535677526,147.4635148483787,57450700
2023-02-13,151.79489135742188,152.19940317198714,148.90402220916044,148.9336202674222,62199000
2023-02-14,151.15359497070312,151.71598829923826,148.84485563822165,150.08801949687324,61707600
2023-02-15,153.25514221191406,153.42286958750384,150.83787171493694,151.06479521662123,65573800
2023-02-16,151.65676879882812,154.24176636818623,151.3015770289575,151.4594283283723,68167900
2023-02-17,150.5122528076172,150.95623873407766,148.83496427712012,150.314927401964,59144100
2023-02-21,146.49661254882812,149.27895045459564,146.42755543146694,148.19363813923312,58867200
2023-02-22,146.92086791992188,147.94696900428042,145.19424437189434,146.88139380804506,51011300
2023-02-23,147.40432739257812,148.33177339849212,145.27319184522457,148.08511286734324,48394200
2023-02-24,144.75025939941406,145.22384336023686,143.77347836618958,145.14491019093927,55469600
2023-02-27,145.94407653808594,147.17737898488724,145.4803536136917,145.73689015780175,44998500
2023-02-28,145.44091796875,147.08860849628215,144.86866373473268,145.08572620470352,50547000
2023-03-01,143.36895751953125,145.26330849706878,143.0729618860178,144.86865768902635,55479000
2023-03-02,143.9609375,144.75025410916558,141.97777744941413,142.45137644789077,52238100
2023-03-03,149.0125732421875,149.09150642636217,145.36200004016092,146.06250758539213,70732300
2023-03-06,151.775146484375,154.21215352218627,151.41009374796985,151.7356723720831,87558000
2023-03-07,149.574951171875,151.9724842932115,149.1112281718285,151.64689058754286,56182000
2023-03-08,150.8279571533203,151.41994837307152,149.80185610137525,150.76876104233762,47204800
2023-03-09,148.5784454345703,152.47567911750554,148.2232536400137,151.5087739759212,53833600
2023-03-10,146.51634216308594,148.92375113671451,145.63823135434072,148.20350666672326,68572400
2023-03-13,148.4600372314453,151.09436981836478,145.72703441304543,145.83556564568843,84457100
2023-03-14,150.5517120361328,151.35088971565344,148.09498288130473,149.25921331444258,73695900
2023-03-15,150.94638061523438,151.20290214198522,147.91738213550175,149.17042182051847,77167900
2023-03-16,153.76817321777344,154.3700254849667,149.6144034630521,150.127461556798,76161100
2023-03-17,152.9295196533203,154.64628226147335,152.21913616408204,153.99509488717774,98944600
2023-03-20,155.2974853515625,155.71188834819753,152.09089801379864,152.99862213932042,73641400
2023-03-21,157.15234375,157.2707359778321,154.44893912645242,155.21853377224946,73938300
2023-03-22,155.72174072265625,159.97416620924432,155.7020036632039,157.17210596561782,75701800
2023-03-23,156.8070526123047,159.39206566084016,155.57374974438574,156.70839741585115,67622100
2023-03-24,158.10940551757812,158.19819969843707,155.74147036488569,156.73797352277555,59196500
2023-03-27,156.16571044921875,158.62245469903792,155.76118357485748,157.8035399490982,52390300
2023-03-28,155.54412841796875,156.37291926303735,153.89643783944095,155.85986113132142,45992200
2023-03-29,158.6224822998047,158.89874093159347,157.2214520800284,157.2411740858945,51305700
2023-03-30,160.19122314453125,160.29975438530866,159.1157867936236,159.37230833774987,49501700
2023-03-31,162.697265625,162.79593585053084,159.74721557415742,160.270134648553,68749800
2023-04-03,163.95030212402344,164.06869434845072,162.0263532022681,162.07568831410026,56976200
2023-04-04,163.41754150390625,164.61137005549932,162.90448337873613,164.37458557847017,46278300
2023-04-05,161.57249450683594,162.84527116493152,159.6386845457234,162.53941454235493,51511700
2023-04-06,162.4604949951172,162.75649064193277,159.83602334429725,160.26027222926052,45390100
2023-04-10,159.8656463623047,159.8656463623047,157.94169694007527,159.26379397330305,47716900
2023-04-11,158.65203857421875,160.191197704471,158.36590395989919,160.18133670413533,47644200
2023-04-12,157.96141052246094,159.89522066020655,157.64567781550258,159.06644488688698,50133100
2023-04-13,163.34848022460938,163.58527977239888,159.26378211877287,159.47098360495934,68445600
2023-04-14,163.00315856933594,164.0983319737809,161.63172656331614,162.39143019016473,49386500
2023-04-17,163.0228729248047,163.1807392768596,161.83890539432053,162.8847436304976,41516200
2023-04-18,164.24630737304688,165.1737533320214,163.4372536454433,163.88125462301093,49923000
2023-04-19,165.3908233642578,165.91374248336922,163.32872989204589,163.58526647837797,47720200
2023-04-20,164.4239044189453,165.62760901810955,163.34846811386117,163.87138723669895,52456400
2023-04-21,162.81568908691406,164.226580111448,162.29276996055185,162.84528714652217,58337300
2023-04-24,163.12156677246094,163.38796439824753,161.7007995082206,162.79597301982534,41949600
2023-04-25,161.58238220214844,164.08844653165775,161.54290808705858,162.98341218856248,48714100
2023-04-26,161.57249450683594,163.07219461797823,160.6253265824028,160.8818480921529,45498800
2023-04-27,166.16043090820312,166.30842122903613,162.98344154461137,162.98344154461137,64902300
2023-04-28,167.41342163085938,167.5811640335514,165.63747792316207,166.23933019675923,55275900
2023-05-01,167.3246307373047,168.17314354860417,166.387323749872,167.0187740939811,52472900
2023-05-02,166.2886505126953,168.07448533412125,165.30200842691818,167.81794875664258,48425700
2023-05-03,165.21322631835938,168.63687581044152,164.92710671677185,167.23584575291258,65136000
2023-05-04,163.5753936767578,164.8086963510818,162.11516752574818,162.68742177323023,81235400
2023-05-05,171.25146484375,171.9717093122383,168.478988085668,168.69605053726107,113453200
2023-05-08,171.18240356445312,171.5277343198539,169.8109716539451,170.1760244116815,55962800
2023-05-09,169.4755096435547,171.22185523763014,169.30778230115573,170.73841026688106,45326900
2023-05-10,171.2415771484375,171.70530007668728,169.60374787227713,170.7087971111727,53724500
2023-05-11,171.42906188964844,172.25783762602444,169.87016559220018,171.5277321199156,49514700
2023-05-12,170.50030517578125,171.97242535245007,168.94912758670816,171.53770003893192,45533100
2023-05-15,170.00631713867188,171.1326441539854,169.4135070987024,171.08324080469038,37266700
2023-05-16,170.00631713867188,171.06347644981523,169.73955111310707,169.92727479495693,42110300
2023-05-17,170.61891174316406,170.85602374756016,168.37613188825594,169.65066921503973,57951600
2023-05-18,172.95059204101562,173.13831574371522,170.51021405749552,170.92517510124802,65496700
2023-05-19,173.05929565429688,174.2745399441767,172.84193292592303,174.2745399441767,55809500
2023-05-22,172.1107635498047,172.61465661362408,171.36975852728045,171.89340087046807,43570900
2023-05-23,169.50245666503906,171.30063640969706,169.22581594675142,171.0536346915268,50747300
2023-05-24,169.7790985107422,170.35214430979713,168.4749372695529,169.03809335131075,45143500
2023-05-25,170.915283203125,171.81435783591468,169.63087148741525,170.3422375122457,56058300
2023-05-26,173.32603454589844,173.6619683326656,171.03386649216068,171.24135456411133,54835000
2023-05-30,175.17359924316406,176.84333305757605,174.45235853913644,174.83768056740178,55964400
2023-05-31,175.12423706054688,177.19905774715147,174.6401082134618,175.2032794279765,99625300
2023-06-01,177.9301300048828,177.95976900098933,174.8080250915144,175.5687945017499,68901800
2023-06-02,178.77981567382812,179.59986307293,177.11008187963884,178.8588580217184,61996900
2023-06-05,177.42626953125,182.73186141970515,175.90473056039738,180.43969339813148,121946500
2023-06-06,177.0607147216797,177.95978950011875,175.30204865399,177.81159450251565,64848400
2023-06-07,175.6874237060547,179.03676705664017,175.1934201730728,176.29998326269896,61944600
2023-06-08,178.4044189453125,178.6711699623807,175.33171678380066,175.76642717021195,50214900
2023-06-09,178.78973388671875,180.0444917855316,178.4636898031236,179.32325097528164,48900000
2023-06-12,181.5857696533203,181.68457636718009,178.79959821677159,179.09600328256303,54274900
2023-06-13,181.11154174804688,181.94146392274692,180.25198057252106,180.60766365821948,54929100
2023-06-14,181.74386596679688,182.17859141427,179.8370198890403,181.17082015656314,57462900
2023-06-15,183.7791290283203,184.2830221162751,181.57587821037063,181.75372726370364,65433200
2023-06-16,182.7022247314453,184.7474061455162,182.0600263098281,184.49051471623886,101256200
2023-06-20,182.7911376953125,183.86807659469073,182.19834264439277,182.19834264439277,49799100
2023-06-21,181.7537384033203,183.1863452547994,180.40015882951445,182.6824521359612,49515700
2023-06-22,184.7572479248047,184.8066512736315,181.46718389330616,181.5363515968208,51245300
2023-06-23,184.44110107421875,185.31055187722217,182.79113153727351,183.3246636484937,53117000
2023-06-26,183.04800415039062,185.79466154962324,183.00847544024853,184.58929217864656,48088700
2023-06-27,185.80455017089844,186.13059421306954,183.44321460104132,183.66057729582204,50730800
2023-06-28,186.9803009033203,187.62249934110088,185.350095591546,185.67612459327006,51216800
2023-06-29,187.31622314453125,187.7904773075337,186.67402469467498,186.8123450566035,46347300
2023-06-30,191.64369201660156,192.14757008838143,188.96618679019105,189.33175958026345,85213200
2023-07-03,190.1517791748047,191.5547469022835,189.4601624130482,191.45594020037944,31458200
2023-07-05,189.0353546142578,190.66555990536892,188.33386310926684,189.27248168829453,46920300
2023-07-06,189.5095672607422,189.71705530606508,186.93086910885413,187.56319280899058,45094300
2023-07-07,188.39309692382812,190.35923554430767,187.95838667039854,189.11435261810865,46815000
2023-07-10,186.34796142578125,187.71141562141005,184.79678352776446,186.9901598095207,59922200
2023-07-11,185.82432556152344,187.0296950947768,184.3620796809065,186.8913747422291,46638100
2023-07-12,187.4940643310547,189.4009103170613,186.20965240962747,187.40513225686783,60750200
2023-07-13,188.25482177734375,188.897035286273,187.5039419858172,188.2153081360164,41342300
2023-07-14,188.40304565429688,188.88715940601534,187.35576071083716,187.94855582890273,41616200
2023-07-17,191.6634521484375,191.9894962144421,189.5095893997432,189.598506397075,50520200
2023-07-18,191.4065704345703,191.9993805984401,190.1122838217696,191.0311380681889,48288200
2023-07-19,192.76011657714844,195.85256735078863,190.33948805911442,190.784103142532,80507300
2023-07-20,190.81378173828125,194.11372124075075,190.19133255294633,192.7502668636511,59581200
2023-07-21,189.63804626464844,192.63170595716375,188.93655473427472,191.77214478083425,71951700
2023-07-24,190.4383087158203,192.57240699977407,189.94430532096735,191.09039681521514,45377800
2023-07-25,191.2978973388672,192.1080702594407,190.60629550166382,191.01138196195058,37283200
2023-07-26,192.16734313964844,193.2936704090035,191.00150222741644,191.34729559890386,47471900
2023-07-27,190.90267944335938,194.83494237556206,190.24071668140024,193.66910156142774,47460200
2023-07-28,193.4813690185547,194.2717774555962,191.81163515269853,192.33527753863382,48291400
2023-07-31,194.0939483642578,194.13347708185938,192.91821776612247,193.70862628447964,38824100
2023-08-01,193.2640380859375,194.37060103419574,192.93799398672795,193.8864872822275,35175100
2023-08-02,190.2703399658203,192.8391484466102,189.5490992662055,192.70082810591987,50389300
2023-08-03,188.87725830078125,190.06286344658966,188.40301925761534,189.27247006657564,61235200
2023-08-04,179.80738830566406,185.1327451053165,179.73822058353596,183.29505159523626,115956800
2023-08-07,176.70504760742188,180.93371611312844,175.22303719441848,179.94570917112617,97576100
2023-08-08,177.64361572265625,178.10798009875546,175.45023954323045,177.5349343777014,67823000
2023-08-09,176.0529327392578,178.76006170176663,174.88707688488682,178.70078370635215,60378500
2023-08-10,175.8355712890625,178.58222898523437,175.47001359754938,177.3274561288203,54686900
2023-08-11,175.89492797851562,176.71608281179377,174.6681548123879,175.4299516016464,52036700
2023-08-14,177.5471649169922,177.77470914879805,175.4200724407671,176.07304120627697,43675600
2023-08-15,175.55856323242188,177.56692432110017,175.1628328578025,176.9733287591711,43622600
2023-08-16,174.6879425048828,176.6369303294026,174.61868139075943,175.24197103328896,46964900
2023-08-17,172.14532470703125,175.6179059949575,171.6308631878828,175.25185467548476,66062900
2023-08-18,172.63014221191406,173.23364091556027,170.12711031715548,170.46348268413263,61172200
2023-08-21,173.9657440185547,174.25266140560993,171.88813666332587,173.20396220304474,46311900
2023-08-22,175.3408966064453,175.78609702554508,174.37134667878323,175.17271045239184,42038900
2023-08-23,179.18943786621094,179.61486234805133,176.42918310654636,176.61716031274474,52722800
2023-08-24,174.49998474121094,179.16967585239115,174.13391827576947,178.74425133745834,54945800
2023-08-25,176.70620727539062,177.2404448053197,173.9459523611551,175.4893219988908,51449600
2023-08-28,178.2693634033203,178.66509377862053,176.6468447107556,178.17042326142217,43820700
2023-08-29,182.15744018554688,182.929124873536,177.58669009574285,177.78455525489372,53003900
2023-08-30,185.64984130859375,185.84772159478027,182.77087033679462,182.9687355268348,60813900
2023-08-31,185.86749267578125,187.10416895130786,185.48165028166278,185.8378136528603,60794500
2023-09-01,187.4405517578125,187.89564016216337,186.27312153245367,187.47023078000296,45766500
2023-09-05,187.67799377441406,187.9550080601447,185.6102746073009,186.27313129788112,45280000
2023-09-06,180.9603729248047,186.8370611072444,179.53571941437733,186.3918455631262,81755800
2023-09-07,175.66737365722656,176.31045432139675,171.69021887943939,173.31273740579792,112488800
2023-09-08,176.28079223632812,178.31884760950354,175.89494980617377,176.4489935101174,65551300
2023-09-11,177.44821166992188,178.3781946740771,175.44973851819339,178.15065045906456,58953100
2023-09-12,174.4208526611328,178.2100311835526,172.9566319449459,177.5768534336219,90370200
2023-09-13,172.35308837890625,175.41014819975618,172.12552909799857,174.6285604188278,84267900
2023-09-14,173.8667755126953,174.22293884118037,171.72979554178494,172.1453169089935,60895800
2023-09-15,173.1445770263672,174.61870067060727,171.96727382158934,174.5989096220804,109259500
2023-09-18,176.07301330566406,177.46798769380123,174.2921965438023,174.59888982853914,67257600
2023-09-19,177.1613006591797,177.71532920549458,175.24197669791334,175.62781908525017,51826900
2023-09-20,173.6194610595703,177.78457830053213,173.5304088946865,177.3492658362857,58436200
2023-09-21,172.0760498046875,174.4207979255845,172.00680379397062,172.68945140779596,63149100
2023-09-22,172.92689514160156,175.19249433338604,172.19479251227028,172.80817906033587,56725400
2023-09-25,174.2031707763672,175.08368369125543,172.29373473406022,172.3432048049037,46172700
2023-09-26,170.1270751953125,173.33253018900052,169.83026989319274,172.9565908960506,64588900
2023-09-27,168.61338806152344,171.19556880826096,167.24810767663843,170.78004737841366,66921800
2023-09-28,168.87063598632812,170.19634944676713,165.8333515413796,167.53501945328387,56294400
2023-09-29,169.3850860595703,171.2252609973693,168.5243490895999,170.18644988639232,51861100
2023-10-02,171.8979949951172,172.4421355524603,169.10804618991,169.39496352748424,52164500
2023-10-03,170.5623779296875,171.77927819729268,168.99923247491208,170.42387079713225,49594600
2023-10-04,171.8089599609375,172.3531005247124,169.14763028223018,169.26634637027362,53020300
2023-10-05,173.04563903808594,173.57987653919332,170.83939772477277,171.93756684563112,48527900
2023-10-06,175.59812927246094,176.09279974358,171.33405713065292,171.947458780219,57266700
2023-10-09,177.0821533203125,177.1415113656987,173.92615307401468,174.9253820623563,42390800
2023-10-10,176.48855590820312,177.80438136546655,176.0532434145344,176.20165363527434,43698000
2023-10-11,177.88351440429688,177.9329844734106,175.70696722860302,176.300562769531,47551100
2023-10-12,178.78382873535156,180.39644439001881,177.13161588848607,178.1506510638416,56743100
2023-10-13,176.9436798095703,179.99083742356177,176.241240914665,179.48627884574438,51427100
2023-10-16,176.8150177001953,177.17118104988546,174.6285675347915,174.86601479996662,52517000
2023-10-17,175.26174926757812,176.51821654411026,172.93680701299223,174.7670787756051,57549400
2023-10-18,173.9657440185547,175.68720305244247,173.2435292067,173.70852075442576,54764400
2023-10-19,173.5897674560547,175.94438862084118,173.3226411761323,174.16357191493293,59302900
2023-10-20,171.0372772216797,173.55019672394363,170.7998299466356,173.44136860989997,64244000
2023-10-23,171.1559600830078,172.1551888662221,168.11867655099323,169.08824141374978,55980100
2023-10-24,171.59133911132812,171.8188833590379,169.62254470055612,171.20549664949476,43816600
2023-10-25,169.27626037597656,171.21536038795298,168.83104482476435,170.04794519039626,57157000
2023-10-26,165.11111450195312,169.55326090861308,163.90411730631092,168.55401686361284,70625300
2023-10-27,166.4269561767578,167.1590740039346,165.05177269186868,165.13092178908886,58499100
2023-10-30,168.47488403320312,169.3455090048735,167.07002152646473,167.218431744534,51131000
2023-10-31,168.9497528076172,169.07835686158955,166.11033410734646,167.54489051547947,44846000
2023-11-01,172.11566162109375,172.37288485640974,168.3066925856151,169.1773175299865,56934900
2023-11-02,175.67730712890625,175.88506030695757,173.58979679508,173.64915484595178,77334800
2023-11-03,174.76708984375,174.93529110628108,171.5022764668811,172.38278939451087,79829200
2023-11-06,177.319580078125,177.51744525540883,174.3317811800047,174.49996733550321,63841300
2023-11-07,179.8820037841797,180.4953904276926,177.06237564620827,177.27012882075113,70530000
2023-11-08,180.9405975341797,181.4946261481432,179.6544510539658,180.40635996961416,49340300
2023-11-09,180.46571350097656,182.15747832651147,179.87210280308707,181.00985412468407,53763500
2023-11-10,184.6561279296875,184.82455079604722,181.81298306450438,182.24886906112522,66133400
2023-11-13,183.07107543945312,184.2895637344097,182.48659891185952,184.0815368898242,43627500
2023-11-14,185.6864013671875,186.35013134634684,184.55706727911962,185.94396348691,60108400
2023-11-15,186.2510528564453,187.72711849110286,186.02320887124122,186.09256123667055,53790500
2023-11-16,187.93515014648438,189.1734556093977,186.88505441646575,187.79646053927942,54412900
2023-11-17,187.91537475585938,188.59892194174424,186.80585765183577,188.47013330787118,50922700
2023-11-20,189.6588592529297,190.11456230851306,188.10355547172335,188.11345647352806,46505100
2023-11-21,188.8564453125,189.72821721009598,187.96487141071046,189.6192457228965,38134500
2023-11-22,189.5201873779297,191.12502655036587,189.0446822742513,189.69851123933077,39617700
2023-11-24,188.19271850585938,189.11401054524026,187.47945332619432,189.08429242242372,24048300
2023-11-27,188.01437377929688,188.88614559455414,187.13270096287798,188.1431623745596,40552600
2023-11-28,188.6186981201172,189.29234420962146,187.62805366546104,188.0045033953615,38415400
2023-11-29,187.5983428955078,190.29289712708973,187.202091144525,189.1140277612682,43014200
2023-11-30,188.17291259765625,188.53946132762457,186.42938378571617,188.06394110215783,48794400
2023-12-01,189.4508514404297,189.76784980640184,187.4596464071562,188.54936135651158,45704800
2023-12-04,187.6577606201172,188.27197042434886,185.69628894913777,188.2026180609542,43389500
2023-12-05,191.61045837402344,192.58128575658978,188.4007647355339,188.43049797744138,66628400
2023-12-06,190.52073669433594,192.93789631295678,190.3126947209947,192.63079897005184,41089700
2023-12-07,192.45248413085938,193.17565028147504,191.77883810543793,191.8184723448333,47477700
2023-12-08,193.8790283203125,194.15640755182167,191.8581052152776,192.38314555463674,53406400
2023-12-11,191.37269592285156,191.67980841318465,189.6291670567547,191.3033586686724,60943700
2023-12-12,192.88839721679688,192.8982982200226,189.92636472047343,191.27364184491046,52696900
2023-12-13,196.1079864501953,196.14760557804456,193.02708153571695,193.26482653488247,70404200
2023-12-14,196.25656127929688,197.75242887078264,194.32480773637585,196.16740691178524,66831600
2023-12-15,195.7216339111328,196.54385551373443,195.15695931123605,195.68199966761293,128538400
2023-12-18,194.0573272705078,194.79040955452615,192.5713606983871,194.25545312358386,55751900
2023-12-19,195.09751892089844,195.1074199235508,194.0573392330858,194.32481746504553,40714100
2023-12-20,193.00726318359375,195.8305908429342,193.00726318359375,195.05788936850126,52242800
2023-12-21,192.85865783691406,195.23621363050395,191.6897046199928,194.26538628403978,46482500
2023-12-22,191.7887725830078,193.58183662844655,191.16466173906855,193.35397752019378,37149600
2023-12-26,191.243896484375,192.0760341178965,191.02595351616222,191.79865490672267,28919300
2023-12-27,191.3429718017578,191.6897034098951,189.3022466284661,190.68915794498034,48087700
2023-12-28,191.7689666748047,192.83886456296054,191.3627987965534,192.3237251836183,34049900
2023-12-29,190.72877502441406,192.58127531145587,189.9362564400636,192.08595308574118,42672100
